".id","iso3c","PC1","PC2","labels","join.on"
"Economic","AFG",-2.7,2.16,"C","Economic C"
"Economic","AGO",-1.78,-0.9,"D","Economic D"
"Economic","ALB",0.99,1.7,"E","Economic E"
"Economic","ARE",0.98,-0.96,"F","Economic F"
"Economic","ARG",0.41,-0.04,"F","Economic F"
"Economic","ARM",0.67,1.49,"E","Economic E"
"Economic","AUS",3.32,-1.1,"H","Economic H"
"Economic","AUT",3.52,-0.72,"H","Economic H"
"Economic","AZE",0.79,-0.74,"F","Economic F"
"Economic","BDI",-3.55,-1.06,"A","Economic A"
"Economic","BEL",3.3,0.25,"H","Economic H"
"Economic","BEN",-1.62,-1.02,"D","Economic D"
"Economic","BFA",-2.92,-1.57,"A","Economic A"
"Economic","BGD",-1.48,0.22,"B","Economic B"
"Economic","BGR",2.11,0.28,"H","Economic H"
"Economic","BHR",1.04,-0.25,"F","Economic F"
"Economic","BIH",0.45,3.15,"E","Economic E"
"Economic","BLR",1.09,-0.72,"F","Economic F"
"Economic","BOL",-1.28,-1.81,"D","Economic D"
"Economic","BRA",0.39,-0.35,"F","Economic F"
"Economic","BRB",1.68,0.54,"F","Economic F"
"Economic","BTN",-1.9,-0.32,"B","Economic B"
"Economic","BWA",-0.55,0.08,"F","Economic F"
"Economic","CAF",-3.33,1.42,"B","Economic B"
"Economic","CAN",3.52,-0.63,"H","Economic H"
"Economic","CHE",3.35,-1.3,"H","Economic H"
"Economic","CHL",0.88,-1.28,"F","Economic F"
"Economic","CHN",0.6,-1.76,"F","Economic F"
"Economic","CIV",-1.53,-0.42,"B","Economic B"
"Economic","CMR",-1.26,-1.22,"D","Economic D"
"Economic","COD",-3.7,-0.91,"A","Economic A"
"Economic","COG",-2.26,-1.14,"A","Economic A"
"Economic","COL",0.09,-0.32,"F","Economic F"
"Economic","COM",-2.1,0.61,"B","Economic B"
"Economic","CPV",-0.85,1.15,"E","Economic E"
"Economic","CRI",0.48,-0.29,"F","Economic F"
"Economic","CUB",0.8,-0.61,"F","Economic F"
"Economic","CYP",2.79,1.2,"G","Economic G"
"Economic","CZE",3.07,-0.73,"H","Economic H"
"Economic","DEU",3.6,-1.02,"H","Economic H"
"Economic","DJI",-1.3,0.41,"B","Economic B"
"Economic","DNK",3.39,-1.03,"H","Economic H"
"Economic","DOM",-0.03,0.4,"E","Economic E"
"Economic","DZA",-0.54,1.41,"E","Economic E"
"Economic","ECU",-0.9,-1.55,"D","Economic D"
"Economic","EGY",0.79,2.47,"E","Economic E"
"Economic","ERI",-2.99,-0.5,"A","Economic A"
"Economic","ESP",2.72,1.87,"G","Economic G"
"Economic","EST",2.86,-1.31,"H","Economic H"
"Economic","ETH",-3,-2.6,"D","Economic D"
"Economic","FIN",3.43,-0.41,"H","Economic H"
"Economic","FJI",-0.13,0.76,"E","Economic E"
"Economic","FRA",3.15,0.11,"H","Economic H"
"Economic","GAB",-1.29,0.99,"B","Economic B"
"Economic","GBR",3.65,-0.57,"H","Economic H"
"Economic","GEO",1.57,-0.34,"F","Economic F"
"Economic","GHA",-0.19,-1.44,"F","Economic F"
"Economic","GIN",-2.52,-0.91,"A","Economic A"
"Economic","GMB",-1.18,0.12,"B","Economic B"
"Economic","GNB",-2.43,-0.01,"B","Economic B"
"Economic","GRC",3.1,3.28,"G","Economic G"
"Economic","GTM",-1.42,-0.03,"B","Economic B"
"Economic","GUY",-0.85,0.62,"B","Economic B"
"Economic","HND",-1.4,1.08,"B","Economic B"
"Economic","HRV",2.56,1.31,"G","Economic G"
"Economic","HTI",-2.98,-0.3,"A","Economic A"
"Economic","HUN",2.78,-0.02,"H","Economic H"
"Economic","IDN",-0.39,-0.47,"F","Economic F"
"Economic","IND",-0.21,0.52,"E","Economic E"
"Economic","IRL",3.53,0.22,"H","Economic H"
"Economic","IRN",0.14,2.63,"E","Economic E"
"Economic","IRQ",-1.65,3.52,"C","Economic C"
"Economic","ISL",3.12,-1.44,"H","Economic H"
"Economic","ISR",3.01,-0.53,"H","Economic H"
"Economic","ITA",3.07,1.77,"G","Economic G"
"Economic","JAM",1.08,1.33,"E","Economic E"
"Economic","JOR",1.39,2.39,"E","Economic E"
"Economic","JPN",3.87,0.07,"H","Economic H"
"Economic","KAZ",0.89,-1.66,"F","Economic F"
"Economic","KEN",-1.4,0.01,"B","Economic B"
"Economic","KGZ",0.46,-0.06,"F","Economic F"
"Economic","KHM",-1.45,-2.48,"D","Economic D"
"Economic","KOR",2.36,-0.78,"H","Economic H"
"Economic","KWT",0.03,-0.26,"F","Economic F"
"Economic","LAO",-1.89,-2.46,"D","Economic D"
"Economic","LBN",1.21,2.12,"E","Economic E"
"Economic","LBR",-3.29,-0.62,"A","Economic A"
"Economic","LBY",-0.1,4.22,"C","Economic C"
"Economic","LKA",0.86,-1.24,"F","Economic F"
"Economic","LSO",-2.17,1.55,"B","Economic B"
"Economic","LTU",2.83,-0.98,"H","Economic H"
"Economic","LUX",3.14,-0.91,"H","Economic H"
"Economic","LVA",2.71,-0.89,"H","Economic H"
"Economic","MAR",0.36,1.17,"E","Economic E"
"Economic","MDA",0.4,0.04,"F","Economic F"
"Economic","MDG",-2.12,-2.05,"D","Economic D"
"Economic","MDV",-0.85,2.14,"E","Economic E"
"Economic","MEX",0.58,-0.2,"F","Economic F"
"Economic","MKD",0.3,2.17,"E","Economic E"
"Economic","MLI",-2.23,0.24,"B","Economic B"
"Economic","MMR",-2.42,-1.08,"A","Economic A"
"Economic","MNE",1.33,1.91,"E","Economic E"
"Economic","MNG",-0.45,-2.3,"F","Economic F"
"Economic","MOZ",-3.06,-0.26,"A","Economic A"
"Economic","MRT",-1.99,3.48,"C","Economic C"
"Economic","MUS",0.38,0.57,"E","Economic E"
"Economic","MWI",-2.8,-0.86,"A","Economic A"
"Economic","MYS",1.42,-1.61,"F","Economic F"
"Economic","NAM",-1.77,1.1,"B","Economic B"
"Economic","NER",-2.82,0.9,"B","Economic B"
"Economic","NGA",-1.18,0.38,"B","Economic B"
"Economic","NIC",-1.47,-0.07,"B","Economic B"
"Economic","NLD",3.48,-0.9,"H","Economic H"
"Economic","NOR",3.18,-1.54,"H","Economic H"
"Economic","NPL",-1.45,-2.01,"D","Economic D"
"Economic","NZL",3.31,-1.2,"H","Economic H"
"Economic","OMN",0.67,1.06,"E","Economic E"
"Economic","PAK",-0.93,1.58,"E","Economic E"
"Economic","PAN",0.26,-1.15,"F","Economic F"
"Economic","PER",0.13,-1.73,"F","Economic F"
"Economic","PHL",0.08,-0.26,"F","Economic F"
"Economic","PNG",-2.75,-1.6,"A","Economic A"
"Economic","POL",2.74,-0.39,"H","Economic H"
"Economic","PRK",-1.79,-1.36,"D","Economic D"
"Economic","PRT",2.39,0.9,"G","Economic G"
"Economic","PRY",-0.97,-1.43,"D","Economic D"
"Economic","PSE",-1.09,3.78,"C","Economic C"
"Economic","QAT",0.91,-1.25,"F","Economic F"
"Economic","ROU",2,-0.38,"F","Economic F"
"Economic","RUS",1.08,-1.08,"F","Economic F"
"Economic","RWA",-2.79,-2.52,"D","Economic D"
"Economic","SAU",0.59,0.32,"E","Economic E"
"Economic","SDN",-2.1,2.31,"C","Economic C"
"Economic","SEN",-2.24,1.08,"B","Economic B"
"Economic","SGP",2.54,-0.86,"H","Economic H"
"Economic","SLB",-3.68,-0.26,"A","Economic A"
"Economic","SLE",-2.81,-1.27,"A","Economic A"
"Economic","SLV",0.04,-0.81,"F","Economic F"
"Economic","SOM",-2.78,0.87,"B","Economic B"
"Economic","SRB",0.99,1.78,"E","Economic E"
"Economic","SSD",-3.92,0.77,"B","Economic B"
"Economic","STP",-1.87,0.77,"B","Economic B"
"Economic","SUR",-0.71,-0.08,"F","Economic F"
"Economic","SVK",2.72,0.04,"H","Economic H"
"Economic","SVN",3.11,-0.05,"H","Economic H"
"Economic","SWE",3.08,-0.98,"H","Economic H"
"Economic","SWZ",-1.8,0.71,"B","Economic B"
"Economic","SYC",-0.33,-0.1,"F","Economic F"
"Economic","SYR",-0.65,2.79,"E","Economic E"
"Economic","TCD",-3.37,-0.59,"A","Economic A"
"Economic","TGO",-1.02,-1.42,"D","Economic D"
"Economic","THA",0.26,-1.46,"F","Economic F"
"Economic","TJK",-1.01,0.5,"B","Economic B"
"Economic","TKM",-0.57,-0.82,"F","Economic F"
"Economic","TLS",-2.13,0.57,"B","Economic B"
"Economic","TTO",-0.1,1.2,"E","Economic E"
"Economic","TUN",0.06,1.73,"E","Economic E"
"Economic","TUR",1.4,0.93,"F","Economic F"
"Economic","TZA",-2.93,-1.11,"A","Economic A"
"Economic","UGA",-1.84,-1.91,"D","Economic D"
"Economic","UKR",1.28,0.06,"F","Economic F"
"Economic","URY",0.3,-0.63,"F","Economic F"
"Economic","USA",3.55,-0.2,"H","Economic H"
"Economic","UZB",-0.44,-0.51,"F","Economic F"
"Economic","VEN",-0.64,0.3,"F","Economic F"
"Economic","VNM",-0.06,-1.84,"F","Economic F"
"Economic","VUT",-1.45,0.09,"B","Economic B"
"Economic","YEM",-2.24,3.19,"C","Economic C"
"Economic","ZAF",0.72,2.17,"E","Economic E"
"Economic","ZMB",-2.39,-0.15,"B","Economic B"
"Economic","ZWE",-2.67,-1.7,"A","Economic A"
"Environmental","AFG",-2.8,0.88,"C","Environmental C"
"Environmental","AGO",-1.86,-0.39,"B","Environmental B"
"Environmental","ALB",1.14,0.19,"F","Environmental F"
"Environmental","ARE",1.63,0.33,"G","Environmental G"
"Environmental","ARG",1.64,-0.04,"G","Environmental G"
"Environmental","ARM",0.53,0.41,"F","Environmental F"
"Environmental","AUS",3.01,0.34,"G","Environmental G"
"Environmental","AUT",2.7,-0.7,"H","Environmental H"
"Environmental","AZE",0.24,2,"D","Environmental D"
"Environmental","BDI",-4.17,-0.03,"A","Environmental A"
"Environmental","BEL",2.26,-1.02,"H","Environmental H"
"Environmental","BEN",-1.43,-2,"B","Environmental B"
"Environmental","BFA",-2.68,-1.71,"B","Environmental B"
"Environmental","BGD",-1.34,1.84,"C","Environmental C"
"Environmental","BGR",1.27,-0.1,"G","Environmental G"
"Environmental","BHR",1.38,-1.18,"H","Environmental H"
"Environmental","BIH",0.96,0.51,"F","Environmental F"
"Environmental","BLR",0.98,0.37,"F","Environmental F"
"Environmental","BOL",-0.03,-0.25,"E","Environmental E"
"Environmental","BRA",1.56,-0.31,"G","Environmental G"
"Environmental","BRB",1.89,-1.38,"H","Environmental H"
"Environmental","BTN",0.13,-0.47,"E","Environmental E"
"Environmental","BWA",-0.26,-1.64,"E","Environmental E"
"Environmental","CAF",-4.97,-1.48,"B","Environmental B"
"Environmental","CAN",2.78,0.22,"G","Environmental G"
"Environmental","CHE",2.63,-0.96,"H","Environmental H"
"Environmental","CHL",2.23,0.47,"G","Environmental G"
"Environmental","CHN",-0.01,2.77,"D","Environmental D"
"Environmental","CIV",-1.82,-1.36,"B","Environmental B"
"Environmental","CMR",-2.06,-0.74,"B","Environmental B"
"Environmental","COD",-4.38,-0.23,"A","Environmental A"
"Environmental","COG",-2.13,-0.74,"B","Environmental B"
"Environmental","COL",0.57,1.68,"D","Environmental D"
"Environmental","COM",-1.8,-1.62,"B","Environmental B"
"Environmental","CPV",0.27,-1.55,"E","Environmental E"
"Environmental","CRI",1.57,0.74,"G","Environmental G"
"Environmental","CUB",0.97,1.61,"D","Environmental D"
"Environmental","CYP",1.65,0.22,"G","Environmental G"
"Environmental","CZE",2.16,-1.01,"H","Environmental H"
"Environmental","DEU",2.45,-0.65,"H","Environmental H"
"Environmental","DJI",-1.22,-0.03,"C","Environmental C"
"Environmental","DNK",2.92,-1.59,"H","Environmental H"
"Environmental","DOM",0.8,0.59,"F","Environmental F"
"Environmental","DZA",0.02,1.34,"F","Environmental F"
"Environmental","ECU",0.03,1.91,"D","Environmental D"
"Environmental","EGY",-0.05,1.73,"D","Environmental D"
"Environmental","ERI",-3.8,0.1,"A","Environmental A"
"Environmental","ESP",2.28,-0.06,"G","Environmental G"
"Environmental","EST",2.65,-1.56,"H","Environmental H"
"Environmental","ETH",-3.32,0.49,"C","Environmental C"
"Environmental","FIN",3.01,-1.67,"H","Environmental H"
"Environmental","FJI",0.85,0.31,"F","Environmental F"
"Environmental","FRA",2.44,-0.17,"G","Environmental G"
"Environmental","GAB",-0.28,-1.53,"E","Environmental E"
"Environmental","GBR",2.63,-0.94,"H","Environmental H"
"Environmental","GEO",0.69,0.41,"F","Environmental F"
"Environmental","GHA",-0.2,-1.56,"E","Environmental E"
"Environmental","GIN",-2.65,-0.71,"B","Environmental B"
"Environmental","GMB",-1.81,-0.67,"B","Environmental B"
"Environmental","GNB",-3.58,-1.72,"B","Environmental B"
"Environmental","GRC",1.9,0.41,"G","Environmental G"
"Environmental","GTM",-0.74,1.21,"C","Environmental C"
"Environmental","GUY",0.54,-0.82,"E","Environmental E"
"Environmental","HND",-0.2,1.01,"F","Environmental F"
"Environmental","HRV",1.79,0.29,"G","Environmental G"
"Environmental","HTI",-2.93,0.63,"C","Environmental C"
"Environmental","HUN",1.51,-0.07,"G","Environmental G"
"Environmental","IDN",0.46,1.13,"F","Environmental F"
"Environmental","IND",-1.02,1.46,"C","Environmental C"
"Environmental","IRL",2.97,-0.93,"H","Environmental H"
"Environmental","IRN",-0.29,2.72,"D","Environmental D"
"Environmental","IRQ",-0.97,1.7,"C","Environmental C"
"Environmental","ISL",3.03,-1.29,"H","Environmental H"
"Environmental","ISR",1.89,0.14,"G","Environmental G"
"Environmental","ITA",1.82,0.56,"G","Environmental G"
"Environmental","JAM",1.03,-0.37,"G","Environmental G"
"Environmental","JOR",0.48,0.62,"F","Environmental F"
"Environmental","JPN",2.16,0.8,"G","Environmental G"
"Environmental","KAZ",1.38,0.53,"G","Environmental G"
"Environmental","KEN",-1.77,-0.26,"B","Environmental B"
"Environmental","KGZ",0.41,0.87,"F","Environmental F"
"Environmental","KHM",-1.14,0.73,"C","Environmental C"
"Environmental","KOR",1.88,0.39,"G","Environmental G"
"Environmental","KWT",1.05,-0.41,"G","Environmental G"
"Environmental","LAO",-1.67,0.9,"C","Environmental C"
"Environmental","LBN",0.09,0.95,"F","Environmental F"
"Environmental","LBR",-2.94,-1.6,"B","Environmental B"
"Environmental","LBY",0.31,1.27,"F","Environmental F"
"Environmental","LKA",-0.19,1.1,"F","Environmental F"
"Environmental","LSO",-2.34,-2.8,"B","Environmental B"
"Environmental","LTU",2.26,-1.03,"H","Environmental H"
"Environmental","LUX",2.79,-1.75,"H","Environmental H"
"Environmental","LVA",2.22,-1.14,"H","Environmental H"
"Environmental","MAR",0.61,0.11,"F","Environmental F"
"Environmental","MDA",0.72,-0.04,"F","Environmental F"
"Environmental","MDG",-2.12,-0.26,"B","Environmental B"
"Environmental","MDV",1.02,0.38,"F","Environmental F"
"Environmental","MEX",0.68,1.81,"D","Environmental D"
"Environmental","MKD",1.17,-0.25,"G","Environmental G"
"Environmental","MLI",-2.72,-1.34,"B","Environmental B"
"Environmental","MMR",-2.06,2.17,"C","Environmental C"
"Environmental","MNE",1.44,0.36,"G","Environmental G"
"Environmental","MNG",0.07,-0.72,"E","Environmental E"
"Environmental","MOZ",-3.67,-0.89,"B","Environmental B"
"Environmental","MRT",-1.79,0.34,"C","Environmental C"
"Environmental","MUS",1.87,-0.85,"H","Environmental H"
"Environmental","MWI",-2.65,-1.78,"B","Environmental B"
"Environmental","MYS",1.14,0.72,"G","Environmental G"
"Environmental","NAM",-1.18,-1.56,"B","Environmental B"
"Environmental","NER",-3.09,-1.03,"B","Environmental B"
"Environmental","NGA",-1.65,-0.77,"B","Environmental B"
"Environmental","NIC",-0.02,1.03,"F","Environmental F"
"Environmental","NLD",2.39,-0.96,"H","Environmental H"
"Environmental","NOR",3.01,-1.51,"H","Environmental H"
"Environmental","NPL",-1.13,0.7,"C","Environmental C"
"Environmental","NZL",3.07,0.1,"G","Environmental G"
"Environmental","OMN",1.29,0.59,"G","Environmental G"
"Environmental","PAK",-1.63,1.72,"C","Environmental C"
"Environmental","PAN",0.94,0.65,"F","Environmental F"
"Environmental","PER",0.61,1.47,"D","Environmental D"
"Environmental","PHL",0.29,1.68,"D","Environmental D"
"Environmental","PNG",-1.59,-0.1,"B","Environmental B"
"Environmental","POL",1.88,-0.7,"H","Environmental H"
"Environmental","PRK",-2.17,1.29,"C","Environmental C"
"Environmental","PRT",2.38,-0.31,"G","Environmental G"
"Environmental","PRY",0.48,-0.71,"E","Environmental E"
"Environmental","PSE",-1.82,1.02,"C","Environmental C"
"Environmental","QAT",0.97,-0.27,"G","Environmental G"
"Environmental","ROU",1.58,-0.01,"G","Environmental G"
"Environmental","RUS",0.45,2.21,"D","Environmental D"
"Environmental","RWA",-2.43,-0.45,"B","Environmental B"
"Environmental","SAU",0.89,0.32,"F","Environmental F"
"Environmental","SDN",-2.44,1.29,"C","Environmental C"
"Environmental","SEN",-1.51,-1.11,"B","Environmental B"
"Environmental","SGP",2.84,-2.08,"H","Environmental H"
"Environmental","SLB",-1.02,0.02,"C","Environmental C"
"Environmental","SLE",-2.51,-2.33,"B","Environmental B"
"Environmental","SLV",0.42,0.38,"F","Environmental F"
"Environmental","SOM",-4.9,1.18,"A","Environmental A"
"Environmental","SRB",0.85,0.9,"F","Environmental F"
"Environmental","SSD",-4.65,0.34,"A","Environmental A"
"Environmental","STP",-0.79,-1.74,"B","Environmental B"
"Environmental","SUR",0.92,-0.74,"E","Environmental E"
"Environmental","SVK",1.75,-0.45,"G","Environmental G"
"Environmental","SVN",2.36,-0.89,"H","Environmental H"
"Environmental","SWE",2.79,-1.19,"H","Environmental H"
"Environmental","SWZ",-2.85,-1.5,"B","Environmental B"
"Environmental","SYC",0.98,-0.74,"E","Environmental E"
"Environmental","SYR",-0.77,2.66,"D","Environmental D"
"Environmental","TCD",-4.36,-0.59,"A","Environmental A"
"Environmental","TGO",-2.03,-1.28,"B","Environmental B"
"Environmental","THA",0,2.05,"D","Environmental D"
"Environmental","TJK",-1.22,1.29,"C","Environmental C"
"Environmental","TKM",-0.38,1.83,"D","Environmental D"
"Environmental","TLS",-1.16,-0.11,"C","Environmental C"
"Environmental","TTO",1.54,-0.73,"H","Environmental H"
"Environmental","TUN",1.44,0.13,"G","Environmental G"
"Environmental","TUR",0.52,2.08,"D","Environmental D"
"Environmental","TZA",-2.56,-0.75,"B","Environmental B"
"Environmental","UGA",-2.53,-0.53,"B","Environmental B"
"Environmental","UKR",0.57,0.82,"F","Environmental F"
"Environmental","URY",1.95,-1.46,"H","Environmental H"
"Environmental","USA",2.69,0.98,"G","Environmental G"
"Environmental","UZB",0.25,1.99,"D","Environmental D"
"Environmental","VEN",-0.23,2.05,"D","Environmental D"
"Environmental","VNM",0.21,1.73,"D","Environmental D"
"Environmental","VUT",0.36,-0.19,"E","Environmental E"
"Environmental","YEM",-2.26,1.14,"C","Environmental C"
"Environmental","ZAF",0.45,-0.56,"E","Environmental E"
"Environmental","ZMB",-2.68,-1.88,"B","Environmental B"
"Environmental","ZWE",-3.27,-0.81,"B","Environmental B"
"Political","AFG",-2.46,0.99,"A","Political A"
"Political","AGO",-2.77,-0.48,"B","Political B"
"Political","ALB",0.7,0.82,"F","Political F"
"Political","ARE",0.67,-0.88,"E","Political E"
"Political","ARG",0.59,1.12,"F","Political F"
"Political","ARM",-1.53,-1.16,"B","Political B"
"Political","AUS",4.3,-1.12,"H","Political H"
"Political","AUT",3.8,-0.36,"H","Political H"
"Political","AZE",-2.62,-1.73,"B","Political B"
"Political","BDI",-2.72,-0.5,"B","Political B"
"Political","BEL",3.3,0.66,"G","Political G"
"Political","BEN",-0.1,-0.06,"E","Political E"
"Political","BFA",-1.07,0.81,"D","Political D"
"Political","BGD",-2.15,-0.07,"A","Political A"
"Political","BGR",0.5,0,"E","Political E"
"Political","BHR",-0.76,-0.02,"C","Political C"
"Political","BIH",0.47,-0.03,"E","Political E"
"Political","BLR",-2.28,-0.94,"B","Political B"
"Political","BOL",0.06,0.62,"D","Political D"
"Political","BRA",1.22,1.6,"F","Political F"
"Political","BRB",3.26,0.05,"H","Political H"
"Political","BTN",1.35,0.45,"G","Political G"
"Political","BWA",2.01,0.47,"G","Political G"
"Political","CAF",-3.18,0.36,"A","Political A"
"Political","CAN",4.2,-1.02,"H","Political H"
"Political","CHE",5.24,-2.18,"H","Political H"
"Political","CHL",2.23,0.15,"G","Political G"
"Political","CHN",-2.33,-2.04,"B","Political B"
"Political","CIV",-1.47,0.1,"C","Political C"
"Political","CMR",-2.59,-1.05,"B","Political B"
"Political","COD",-3.54,-0.75,"A","Political A"
"Political","COG",-1.71,0.31,"C","Political C"
"Political","COL",0.57,1.31,"F","Political F"
"Political","COM",-0.51,0.33,"C","Political C"
"Political","CPV",1.46,0.61,"G","Political G"
"Political","CRI",2.98,-0.93,"G","Political G"
"Political","CUB",-1.81,-1.4,"B","Political B"
"Political","CYP",2.63,0.37,"G","Political G"
"Political","CZE",2.65,0.95,"G","Political G"
"Political","DEU",3.54,0.44,"G","Political G"
"Political","DJI",-2.29,-0.55,"B","Political B"
"Political","DNK",4.34,-0.5,"H","Political H"
"Political","DOM",-0.34,-0.39,"C","Political C"
"Political","DZA",-1.67,-1.04,"B","Political B"
"Political","ECU",-0.95,0.26,"C","Political C"
"Political","EGY",-3.32,-0.66,"A","Political A"
"Political","ERI",-4.59,-0.6,"A","Political A"
"Political","ESP",2.63,0.39,"G","Political G"
"Political","EST",2.76,0.01,"G","Political G"
"Political","ETH",-2.88,0.14,"A","Political A"
"Political","FIN",4.15,-0.57,"H","Political H"
"Political","FJI",-0.12,-0.68,"C","Political C"
"Political","FRA",3.24,0.48,"G","Political G"
"Political","GAB",-1.82,-0.77,"B","Political B"
"Political","GBR",4.25,-0.76,"H","Political H"
"Political","GEO",0.65,0,"E","Political E"
"Political","GHA",0.53,0.32,"E","Political E"
"Political","GIN",-2.8,0.21,"A","Political A"
"Political","GMB",-2.36,0.34,"A","Political A"
"Political","GNB",-2.08,-0.36,"B","Political B"
"Political","GRC",1.81,0.96,"G","Political G"
"Political","GTM",-0.87,-0.2,"C","Political C"
"Political","GUY",-0.12,0.61,"D","Political D"
"Political","HND",-0.47,-0.23,"C","Political C"
"Political","HRV",1.92,0.5,"G","Political G"
"Political","HTI",-1.43,0.89,"C","Political C"
"Political","HUN",1.96,0.49,"G","Political G"
"Political","IDN",0.49,1.63,"F","Political F"
"Political","IND",0.71,1.67,"F","Political F"
"Political","IRL",2.93,-1.8,"G","Political G"
"Political","IRN",-1.89,-0.08,"A","Political A"
"Political","IRQ",-1.63,2,"D","Political D"
"Political","ISL",2.87,-1.51,"G","Political G"
"Political","ISR",1.59,0.94,"G","Political G"
"Political","ITA",2.26,0.04,"G","Political G"
"Political","JAM",0.5,-0.27,"E","Political E"
"Political","JOR",-1.02,-1.04,"C","Political C"
"Political","JPN",3.42,-0.14,"H","Political H"
"Political","KAZ",-2.28,-1.42,"B","Political B"
"Political","KEN",-1,1.75,"D","Political D"
"Political","KGZ",-0.91,0.34,"C","Political C"
"Political","KHM",-2.33,-0.63,"B","Political B"
"Political","KOR",1.97,0.9,"G","Political G"
"Political","KWT",-0.09,-0.59,"C","Political C"
"Political","LAO",-1.81,-1.48,"B","Political B"
"Political","LBN",-1.22,-0.53,"C","Political C"
"Political","LBR",-0.68,0.73,"D","Political D"
"Political","LBY",-1.69,0.67,"C","Political C"
"Political","LKA",-1.1,0.45,"C","Political C"
"Political","LSO",0.25,0.32,"E","Political E"
"Political","LTU",1.95,-0.42,"G","Political G"
"Political","LUX",3.78,-0.32,"H","Political H"
"Political","LVA",1.4,-0.58,"G","Political G"
"Political","MAR",-0.61,0.29,"C","Political C"
"Political","MDA",0.73,1.07,"F","Political F"
"Political","MDG",-1.53,-0.44,"C","Political C"
"Political","MDV",-0.49,-0.31,"C","Political C"
"Political","MEX",-0.14,1.06,"D","Political D"
"Political","MKD",-1.01,-1.1,"C","Political C"
"Political","MLI",-1.35,1.8,"D","Political D"
"Political","MMR",-2.07,1.14,"A","Political A"
"Political","MNE",0.53,-0.49,"E","Political E"
"Political","MNG",0.75,0.68,"F","Political F"
"Political","MOZ",-1.27,-0.3,"C","Political C"
"Political","MRT",-2.51,0.15,"A","Political A"
"Political","MUS",1.33,-0.53,"G","Political G"
"Political","MWI",-0.52,-0.21,"C","Political C"
"Political","MYS",-0.6,0.01,"C","Political C"
"Political","NAM",0.79,-0.41,"E","Political E"
"Political","NER",0.07,1.22,"D","Political D"
"Political","NGA",-0.87,2.2,"D","Political D"
"Political","NIC",-0.83,0.31,"C","Political C"
"Political","NLD",4.05,-0.68,"H","Political H"
"Political","NOR",4.33,-0.41,"H","Political H"
"Political","NPL",-0.33,0.77,"D","Political D"
"Political","NZL",4.6,-1.71,"H","Political H"
"Political","OMN",-0.56,-0.51,"C","Political C"
"Political","PAK",-1.15,1.64,"D","Political D"
"Political","PAN",1.47,-0.38,"G","Political G"
"Political","PER",0.65,1.28,"F","Political F"
"Political","PHL",0.78,1.5,"F","Political F"
"Political","PNG",-0.55,1.43,"D","Political D"
"Political","POL",2.7,0.77,"G","Political G"
"Political","PRK",-4.22,-0.99,"A","Political A"
"Political","PRT",2.86,0.56,"G","Political G"
"Political","PRY",0.13,0.57,"D","Political D"
"Political","PSE",-1.67,-0.42,"C","Political C"
"Political","QAT",-0.15,-2.12,"B","Political B"
"Political","ROU",1.61,1.1,"G","Political G"
"Political","RUS",-2.33,-0.34,"B","Political B"
"Political","RWA",-1.14,-0.14,"C","Political C"
"Political","SAU",-1.09,-3.06,"B","Political B"
"Political","SDN",-4.12,1.25,"A","Political A"
"Political","SEN",-0.23,0.89,"D","Political D"
"Political","SGP",2.83,-0.61,"G","Political G"
"Political","SLB",0.78,0.95,"F","Political F"
"Political","SLE",-1.36,0.43,"C","Political C"
"Political","SLV",0.21,0.02,"E","Political E"
"Political","SOM",-3.97,1.21,"A","Political A"
"Political","SRB",1.28,0.88,"F","Political F"
"Political","SSD",-3.28,1.23,"A","Political A"
"Political","STP",1.05,1.06,"F","Political F"
"Political","SUR",1.43,0.5,"G","Political G"
"Political","SVK",2.34,0.92,"G","Political G"
"Political","SVN",2.27,-0.77,"G","Political G"
"Political","SWE",4.49,-1.2,"H","Political H"
"Political","SWZ",-1.54,-1.2,"B","Political B"
"Political","SYC",0.15,-1.26,"E","Political E"
"Political","SYR",-3.87,-0.93,"A","Political A"
"Political","TCD",-3.24,-0.84,"A","Political A"
"Political","TGO",-1.47,-0.72,"C","Political C"
"Political","THA",-1.67,-0.81,"B","Political B"
"Political","TJK",-2.86,-1.34,"B","Political B"
"Political","TKM",-3.56,-1.32,"A","Political A"
"Political","TLS",-0.76,-0.05,"C","Political C"
"Political","TTO",0.9,-0.4,"E","Political E"
"Political","TUN",0.72,0.57,"F","Political F"
"Political","TUR",-0.48,-0.18,"C","Political C"
"Political","TZA",-0.73,0.73,"D","Political D"
"Political","UGA",-0.75,1.42,"D","Political D"
"Political","UKR",-1.28,0.13,"C","Political C"
"Political","URY",3.09,0.25,"G","Political G"
"Political","USA",4.22,-1.41,"H","Political H"
"Political","UZB",-2.48,-0.85,"B","Political B"
"Political","VEN",-2.05,0.11,"A","Political A"
"Political","VNM",-1.33,-0.58,"C","Political C"
"Political","VUT",0.96,-0.17,"E","Political E"
"Political","YEM",-3.6,0.73,"A","Political A"
"Political","ZAF",1.21,1.08,"F","Political F"
"Political","ZMB",-0.26,1.04,"D","Political D"
"Political","ZWE",-2.12,-0.44,"B","Political B"
"Security","AFG",-5.15,-2.65,"B","Security B"
"Security","AGO",-0.32,0.86,"E","Security E"
"Security","ALB",1.21,-0.63,"H","Security H"
"Security","ARE",1.61,-0.91,"H","Security H"
"Security","ARG",0.79,0.59,"G","Security G"
"Security","ARM",1.52,-0.31,"H","Security H"
"Security","AUS",2.01,-0.88,"H","Security H"
"Security","AUT",2.33,-0.95,"H","Security H"
"Security","AZE",0.39,-0.06,"G","Security G"
"Security","BDI",-0.52,0.93,"E","Security E"
"Security","BEL",2.73,-1.87,"H","Security H"
"Security","BEN",0.41,0.77,"G","Security G"
"Security","BFA",0.18,0.89,"G","Security G"
"Security","BGD",-0.98,0.53,"E","Security E"
"Security","BGR",1.39,-1.16,"H","Security H"
"Security","BHR",0.7,-1.31,"H","Security H"
"Security","BIH",1.07,-0.29,"G","Security G"
"Security","BLR",0.61,-0.13,"G","Security G"
"Security","BOL",0.32,1.01,"G","Security G"
"Security","BRA",-0.22,0.69,"E","Security E"
"Security","BRB",2,-0.04,"H","Security H"
"Security","BTN",0.45,2.06,"F","Security F"
"Security","BWA",1.4,0.42,"G","Security G"
"Security","CAF",-5.09,-1.27,"B","Security B"
"Security","CAN",2.1,-1.52,"H","Security H"
"Security","CHE",2.31,-0.79,"H","Security H"
"Security","CHL",1.56,-1.01,"H","Security H"
"Security","CHN",-0.49,-0.57,"E","Security E"
"Security","CIV",-1.08,1.01,"E","Security E"
"Security","CMR",-0.98,0.56,"E","Security E"
"Security","COD",-3.3,1.58,"C","Security C"
"Security","COG",-0.05,1.2,"E","Security E"
"Security","COL",-2.83,0.37,"C","Security C"
"Security","COM",-1.12,1.29,"E","Security E"
"Security","CPV",0.88,0.86,"G","Security G"
"Security","CRI",1.49,1.63,"G","Security G"
"Security","CUB",0.89,-0.11,"G","Security G"
"Security","CYP",0.75,-1.55,"H","Security H"
"Security","CZE",2.11,-1.82,"H","Security H"
"Security","DEU",2.04,-1.97,"H","Security H"
"Security","DJI",0.11,0.15,"G","Security G"
"Security","DNK",3.03,-1.56,"H","Security H"
"Security","DOM",0.43,0.62,"G","Security G"
"Security","DZA",-1.67,-0.43,"E","Security E"
"Security","ECU",-0.15,1.12,"E","Security E"
"Security","EGY",-2.52,-0.61,"D","Security D"
"Security","ERI",-0.76,0.72,"E","Security E"
"Security","ESP",1.54,-1.81,"H","Security H"
"Security","EST",2.77,-1.5,"H","Security H"
"Security","ETH",-1.94,1.63,"F","Security F"
"Security","FIN",2.34,-0.36,"H","Security H"
"Security","FJI",0.88,0.8,"G","Security G"
"Security","FRA",1.65,-2.11,"H","Security H"
"Security","GAB",0.7,0.6,"G","Security G"
"Security","GBR",2.01,-2.37,"H","Security H"
"Security","GEO",-0.1,-0.39,"G","Security G"
"Security","GHA",0.41,0.99,"G","Security G"
"Security","GIN",-1.1,2.23,"F","Security F"
"Security","GMB",-0.32,2,"F","Security F"
"Security","GNB",-0.16,1.29,"E","Security E"
"Security","GRC",1.16,-2.06,"H","Security H"
"Security","GTM",-1.67,2.56,"F","Security F"
"Security","GUY",0.71,0.94,"G","Security G"
"Security","HND",-1.54,4.21,"F","Security F"
"Security","HRV",2.08,-1.3,"H","Security H"
"Security","HTI",-0.54,2.34,"F","Security F"
"Security","HUN",1.9,-0.85,"H","Security H"
"Security","IDN",-0.7,-0.21,"E","Security E"
"Security","IND",-1.93,0.04,"E","Security E"
"Security","IRL",1.44,-0.56,"H","Security H"
"Security","IRN",0.06,-0.41,"G","Security G"
"Security","IRQ",-5.31,-2.4,"B","Security B"
"Security","ISL",2.86,-0.38,"H","Security H"
"Security","ISR",-0.8,-3.06,"D","Security D"
"Security","ITA",1.01,-1.72,"H","Security H"
"Security","JAM",0.27,2,"F","Security F"
"Security","JOR",1.43,-0.79,"H","Security H"
"Security","JPN",2.03,-0.44,"H","Security H"
"Security","KAZ",0.57,0.6,"G","Security G"
"Security","KEN",-2.48,0.94,"C","Security C"
"Security","KGZ",0.35,0.95,"G","Security G"
"Security","KHM",0.15,0.43,"G","Security G"
"Security","KOR",1.96,-0.53,"H","Security H"
"Security","KWT",1.45,-0.59,"H","Security H"
"Security","LAO",0.47,0.68,"G","Security G"
"Security","LBN",-2.16,-1.56,"D","Security D"
"Security","LBR",-1.12,1.74,"F","Security F"
"Security","LBY",-5.06,-2.8,"B","Security B"
"Security","LKA",0.26,-0.63,"G","Security G"
"Security","LSO",0.18,2.35,"F","Security F"
"Security","LTU",2.4,-1.17,"H","Security H"
"Security","LUX",2.87,-1.59,"H","Security H"
"Security","LVA",2.02,-0.87,"H","Security H"
"Security","MAR",0.57,0.05,"G","Security G"
"Security","MDA",0.35,0.44,"G","Security G"
"Security","MDG",-0.31,1.38,"E","Security E"
"Security","MDV",0.91,0.82,"G","Security G"
"Security","MEX",-3.06,0.25,"C","Security C"
"Security","MKD",0.42,-0.06,"G","Security G"
"Security","MLI",-3.86,0.84,"C","Security C"
"Security","MMR",-1.75,0.44,"E","Security E"
"Security","MNE",1.11,-0.27,"G","Security G"
"Security","MNG",0.57,0.7,"G","Security G"
"Security","MOZ",-0.96,1.11,"E","Security E"
"Security","MRT",-0.59,0.73,"E","Security E"
"Security","MUS",1.1,1.11,"G","Security G"
"Security","MWI",0.57,1.6,"F","Security F"
"Security","MYS",0.55,-0.48,"G","Security G"
"Security","NAM",0.7,0.7,"G","Security G"
"Security","NER",-1.88,1.65,"F","Security F"
"Security","NGA",-4.25,0.51,"C","Security C"
"Security","NIC",-0.2,0.91,"E","Security E"
"Security","NLD",2.97,-1.66,"H","Security H"
"Security","NOR",2.47,-1.77,"H","Security H"
"Security","NPL",-0.91,0.09,"E","Security E"
"Security","NZL",1.74,-0.15,"H","Security H"
"Security","OMN",1.56,-0.71,"H","Security H"
"Security","PAK",-3.77,-0.76,"B","Security B"
"Security","PAN",0.27,1.88,"F","Security F"
"Security","PER",-0.97,0.55,"E","Security E"
"Security","PHL",-2.1,0.08,"E","Security E"
"Security","PNG",0.14,2.33,"F","Security F"
"Security","POL",2.23,-1.37,"H","Security H"
"Security","PRK",0.17,-0.11,"G","Security G"
"Security","PRT",2.71,-1.61,"H","Security H"
"Security","PRY",-0.66,0.75,"E","Security E"
"Security","PSE",-2.92,0.83,"C","Security C"
"Security","QAT",1.91,-0.64,"H","Security H"
"Security","ROU",1.73,-1.16,"H","Security H"
"Security","RUS",-0.45,-1.54,"D","Security D"
"Security","RWA",0.26,0.46,"G","Security G"
"Security","SAU",0.52,-1.29,"H","Security H"
"Security","SDN",-4.27,-0.89,"B","Security B"
"Security","SEN",-0.49,0.38,"E","Security E"
"Security","SGP",2.46,-1.3,"H","Security H"
"Security","SLB",-0.28,1.23,"E","Security E"
"Security","SLE",-1.23,1.74,"F","Security F"
"Security","SLV",0.1,2.09,"F","Security F"
"Security","SOM",-6.58,0.22,"B","Security B"
"Security","SRB",0.8,-0.04,"G","Security G"
"Security","SSD",-4.64,-1.35,"B","Security B"
"Security","STP",0.51,1.24,"F","Security F"
"Security","SUR",0.59,0.82,"G","Security G"
"Security","SVK",2.28,-1.55,"H","Security H"
"Security","SVN",2.69,-1.57,"H","Security H"
"Security","SWE",1.75,-0.64,"H","Security H"
"Security","SWZ",0.52,1.69,"F","Security F"
"Security","SYC",1.07,0.77,"G","Security G"
"Security","SYR",-9.18,-7.19,"A","Security A"
"Security","TCD",-1.43,1.05,"E","Security E"
"Security","TGO",0.2,1.4,"F","Security F"
"Security","THA",-0.93,-0.62,"E","Security E"
"Security","TJK",0.1,0.61,"G","Security G"
"Security","TKM",0.55,0.58,"G","Security G"
"Security","TLS",0.16,1.89,"F","Security F"
"Security","TTO",0.84,0.84,"G","Security G"
"Security","TUN",0.15,-0.08,"G","Security G"
"Security","TUR",-0.43,-1.88,"D","Security D"
"Security","TZA",-0.41,1.04,"E","Security E"
"Security","UGA",-2.49,0.55,"C","Security C"
"Security","UKR",-3.1,-2.61,"D","Security D"
"Security","URY",1.85,-0.66,"H","Security H"
"Security","USA",1.35,-2.11,"H","Security H"
"Security","UZB",0.67,0.17,"G","Security G"
"Security","VEN",-1.43,2.73,"F","Security F"
"Security","VNM",0.56,0.06,"G","Security G"
"Security","VUT",1.16,0.83,"G","Security G"
"Security","YEM",-5.57,-1.52,"B","Security B"
"Security","ZAF",0.09,0.93,"G","Security G"
"Security","ZMB",0.39,1.55,"F","Security F"
"Security","ZWE",0.1,0.72,"G","Security G"
"Societal","AFG",-2.21,-0.88,"B","Societal B"
"Societal","AGO",-2.27,-0.19,"B","Societal B"
"Societal","ALB",2.13,0.17,"G","Societal G"
"Societal","ARE",0.58,0.62,"F","Societal F"
"Societal","ARG",0.63,-0.7,"E","Societal E"
"Societal","ARM",0.54,0.6,"F","Societal F"
"Societal","AUS",2.31,0.67,"G","Societal G"
"Societal","AUT",3.22,1.06,"H","Societal H"
"Societal","AZE",-2.16,1.33,"A","Societal A"
"Societal","BDI",-2.84,0.38,"A","Societal A"
"Societal","BEL",3.45,0.84,"H","Societal H"
"Societal","BEN",0.94,-1.61,"E","Societal E"
"Societal","BFA",-0.13,-2.06,"E","Societal E"
"Societal","BGD",-0.92,0.06,"C","Societal C"
"Societal","BGR",2.02,0.95,"G","Societal G"
"Societal","BHR",0.06,0.7,"F","Societal F"
"Societal","BIH",1.01,1.06,"F","Societal F"
"Societal","BLR",0.3,2.06,"F","Societal F"
"Societal","BOL",-0.08,-1.04,"E","Societal E"
"Societal","BRA",0.23,-1.43,"E","Societal E"
"Societal","BRB",2.92,0.1,"H","Societal H"
"Societal","BTN",-0.71,-0.45,"D","Societal D"
"Societal","BWA",0.2,-1.68,"E","Societal E"
"Societal","CAF",-2.77,-1.19,"B","Societal B"
"Societal","CAN",2.45,0.48,"G","Societal G"
"Societal","CHE",3.15,0.57,"H","Societal H"
"Societal","CHL",0.91,-1.19,"E","Societal E"
"Societal","CHN",-2.2,1.45,"A","Societal A"
"Societal","CIV",-1.22,-1.29,"B","Societal B"
"Societal","CMR",-1.76,-0.44,"B","Societal B"
"Societal","COD",-3.1,-0.12,"A","Societal A"
"Societal","COG",-1.15,-0.69,"B","Societal B"
"Societal","COL",-1.05,-0.5,"B","Societal B"
"Societal","COM",0.02,-1.19,"E","Societal E"
"Societal","CPV",1.01,-1.64,"E","Societal E"
"Societal","CRI",1.78,-1.59,"E","Societal E"
"Societal","CUB",-0.98,2.69,"C","Societal C"
"Societal","CYP",2.05,1.1,"G","Societal G"
"Societal","CZE",3.2,1.1,"H","Societal H"
"Societal","DEU",3.63,1.46,"H","Societal H"
"Societal","DJI",-0.58,0.19,"D","Societal D"
"Societal","DNK",3.34,1.09,"H","Societal H"
"Societal","DOM",-0.04,-1.47,"E","Societal E"
"Societal","DZA",-1.67,1.33,"C","Societal C"
"Societal","ECU",-0.75,-0.45,"D","Societal D"
"Societal","EGY",-2.36,1.3,"A","Societal A"
"Societal","ERI",-3.64,1.15,"A","Societal A"
"Societal","ESP",3.19,0.73,"H","Societal H"
"Societal","EST",2.57,0.67,"G","Societal G"
"Societal","ETH",-2.38,1.01,"A","Societal A"
"Societal","FIN",3.22,0.95,"H","Societal H"
"Societal","FJI",0.27,-0.83,"E","Societal E"
"Societal","FRA",3.02,0.86,"H","Societal H"
"Societal","GAB",-0.27,-0.79,"D","Societal D"
"Societal","GBR",2.8,0.23,"H","Societal H"
"Societal","GEO",0.92,0.53,"F","Societal F"
"Societal","GHA",0.55,-1.49,"E","Societal E"
"Societal","GIN",-1.35,-0.46,"B","Societal B"
"Societal","GMB",-2.2,-0.62,"B","Societal B"
"Societal","GNB",-1.69,-0.7,"B","Societal B"
"Societal","GRC",2.39,0.79,"G","Societal G"
"Societal","GTM",-2.19,-0.43,"B","Societal B"
"Societal","GUY",1.02,-0.94,"E","Societal E"
"Societal","HND",-1.18,-1.02,"B","Societal B"
"Societal","HRV",2.33,1.02,"G","Societal G"
"Societal","HTI",-2.3,-1.41,"B","Societal B"
"Societal","HUN",1.92,0.78,"G","Societal G"
"Societal","IDN",-0.02,-0.57,"D","Societal D"
"Societal","IND",-0.28,-0.16,"D","Societal D"
"Societal","IRL",3.15,0.31,"H","Societal H"
"Societal","IRN",-2.84,1.59,"A","Societal A"
"Societal","IRQ",-2.81,0.56,"A","Societal A"
"Societal","ISL",3.32,0.59,"H","Societal H"
"Societal","ISR",1.02,0.73,"F","Societal F"
"Societal","ITA",3.11,0.42,"H","Societal H"
"Societal","JAM",0.69,-0.58,"E","Societal E"
"Societal","JOR",-1.4,0.59,"C","Societal C"
"Societal","JPN",2.82,0.57,"H","Societal H"
"Societal","KAZ",-0.08,0.8,"F","Societal F"
"Societal","KEN",-1.94,-1.98,"E","Societal E"
"Societal","KGZ",-0.41,-0.1,"D","Societal D"
"Societal","KHM",-1.99,0.78,"C","Societal C"
"Societal","KOR",2.46,0.82,"G","Societal G"
"Societal","KWT",-0.61,-0.84,"D","Societal D"
"Societal","LAO",-2.92,1.3,"A","Societal A"
"Societal","LBN",-0.63,-0.21,"D","Societal D"
"Societal","LBR",-0.45,-1.36,"E","Societal E"
"Societal","LBY",-1,1.37,"C","Societal C"
"Societal","LKA",-0.29,0.73,"F","Societal F"
"Societal","LSO",-0.3,-2.2,"E","Societal E"
"Societal","LTU",3.22,0.62,"H","Societal H"
"Societal","LUX",2.89,0.16,"H","Societal H"
"Societal","LVA",2.85,0.3,"H","Societal H"
"Societal","MAR",-0.01,-0.41,"D","Societal D"
"Societal","MDA",1.39,0.99,"G","Societal G"
"Societal","MDG",-1.24,-1.39,"B","Societal B"
"Societal","MDV",-1.17,-0.03,"C","Societal C"
"Societal","MEX",-1.22,0.09,"C","Societal C"
"Societal","MKD",0.85,1.53,"F","Societal F"
"Societal","MLI",-0.29,-1.81,"E","Societal E"
"Societal","MMR",-2.14,1.66,"A","Societal A"
"Societal","MNE",1.43,0.69,"G","Societal G"
"Societal","MNG",1.78,-0.47,"G","Societal G"
"Societal","MOZ",-0.33,-1.55,"E","Societal E"
"Societal","MRT",-1.41,-0.33,"B","Societal B"
"Societal","MUS",1.97,-0.22,"G","Societal G"
"Societal","MWI",-0.02,-1.38,"E","Societal E"
"Societal","MYS",-0.68,1.04,"F","Societal F"
"Societal","NAM",-0.19,-3.35,"E","Societal E"
"Societal","NER",-1.03,-2.37,"E","Societal E"
"Societal","NGA",-0.91,-1.09,"B","Societal B"
"Societal","NIC",-0.52,-0.64,"D","Societal D"
"Societal","NLD",3.06,0.98,"H","Societal H"
"Societal","NOR",3.43,0.31,"H","Societal H"
"Societal","NPL",-0.55,-0.94,"D","Societal D"
"Societal","NZL",3.15,-0.16,"H","Societal H"
"Societal","OMN",-1.55,-1.45,"B","Societal B"
"Societal","PAK",-1.68,0.81,"C","Societal C"
"Societal","PAN",0.53,-1.59,"E","Societal E"
"Societal","PER",-0.11,-0.56,"D","Societal D"
"Societal","PHL",-0.25,-0.4,"D","Societal D"
"Societal","PNG",-0.46,-1.41,"E","Societal E"
"Societal","POL",2.83,0.61,"H","Societal H"
"Societal","PRK",-2.89,2.15,"A","Societal A"
"Societal","PRT",2.9,0.14,"H","Societal H"
"Societal","PRY",-1.03,-0.78,"B","Societal B"
"Societal","PSE",-2.92,0.86,"A","Societal A"
"Societal","QAT",-2.36,0.5,"C","Societal C"
"Societal","ROU",1.28,0.13,"F","Societal F"
"Societal","RUS",-1.05,1.56,"C","Societal C"
"Societal","RWA",-1.44,-0.67,"B","Societal B"
"Societal","SAU",-2.27,1.63,"A","Societal A"
"Societal","SDN",-3.88,1.35,"A","Societal A"
"Societal","SEN",0.2,-1.27,"E","Societal E"
"Societal","SGP",2.5,0.65,"G","Societal G"
"Societal","SLB",0.31,-1.97,"E","Societal E"
"Societal","SLE",-0.28,-1.2,"E","Societal E"
"Societal","SLV",-0.29,-0.36,"D","Societal D"
"Societal","SOM",-4.42,0.85,"A","Societal A"
"Societal","SRB",1.54,0.92,"G","Societal G"
"Societal","SSD",-4.07,0.82,"A","Societal A"
"Societal","STP",0.43,-1.59,"E","Societal E"
"Societal","SUR",1.23,-1.53,"E","Societal E"
"Societal","SVK",2.63,1.05,"G","Societal G"
"Societal","SVN",3.49,1.27,"H","Societal H"
"Societal","SWE",3.39,1.01,"H","Societal H"
"Societal","SWZ",-1.98,0.37,"C","Societal C"
"Societal","SYC",0.53,-0.9,"E","Societal E"
"Societal","SYR",-4.71,2.14,"A","Societal A"
"Societal","TCD",-2.86,0.45,"A","Societal A"
"Societal","TGO",-0.56,-0.49,"D","Societal D"
"Societal","THA",-2.77,1.48,"A","Societal A"
"Societal","TJK",-1.59,1.58,"C","Societal C"
"Societal","TKM",-2.68,2.98,"A","Societal A"
"Societal","TLS",-0.43,-1.57,"E","Societal E"
"Societal","TTO",2.36,-0.3,"G","Societal G"
"Societal","TUN",0.82,0.25,"F","Societal F"
"Societal","TUR",-1.29,0.87,"C","Societal C"
"Societal","TZA",-0.84,-0.95,"B","Societal B"
"Societal","UGA",-1.61,-0.97,"B","Societal B"
"Societal","UKR",-0.18,1.21,"F","Societal F"
"Societal","URY",2.43,-0.93,"G","Societal G"
"Societal","USA",1.42,-0.52,"G","Societal G"
"Societal","UZB",-2.1,1.61,"A","Societal A"
"Societal","VEN",-1.53,0.38,"C","Societal C"
"Societal","VNM",-1,1.19,"C","Societal C"
"Societal","VUT",1.18,-2.04,"E","Societal E"
"Societal","YEM",-3.73,0.65,"A","Societal A"
"Societal","ZAF",0.72,-1.78,"E","Societal E"
"Societal","ZMB",-0.54,-1.87,"E","Societal E"
"Societal","ZWE",-2.35,-1.31,"B","Societal B"
