Data Source,World Development Indicators,,,,,,,,,,,,,,,,,,,,,,,,,,,,,,,,,,,,,,,,,,,,,,,,,,,,,,,,,,
,,,,,,,,,,,,,,,,,,,,,,,,,,,,,,,,,,,,,,,,,,,,,,,,,,,,,,,,,,,
Last Updated Date,2/05/2016,,,,,,,,,,,,,,,,,,,,,,,,,,,,,,,,,,,,,,,,,,,,,,,,,,,,,,,,,,
,,,,,,,,,,,,,,,,,,,,,,,,,,,,,,,,,,,,,,,,,,,,,,,,,,,,,,,,,,,
Country Name,Country Code,Indicator Name,Indicator Code,1960,1961,1962,1963,1964,1965,1966,1967,1968,1969,1970,1971,1972,1973,1974,1975,1976,1977,1978,1979,1980,1981,1982,1983,1984,1985,1986,1987,1988,1989,1990,1991,1992,1993,1994,1995,1996,1997,1998,1999,2000,2001,2002,2003,2004,2005,2006,2007,2008,2009,2010,2011,2012,2013,2014,2015
Aruba,ABW,"Share of youth not in education, employment, or training, total (% of youth population)",SL.UEM.NEET.ZS,,,,,,,,,,,,,,,,,,,,,,,,,,,,,,,,,,,,,,,,,,,,,,,,,,,16.55999947,,,,,
Andorra,AND,"Share of youth not in education, employment, or training, total (% of youth population)",SL.UEM.NEET.ZS,,,,,,,,,,,,,,,,,,,,,,,,,,,,,,,,,,,,,,,,,,,,,,,,,,,,,,,,
Afghanistan,AFG,"Share of youth not in education, employment, or training, total (% of youth population)",SL.UEM.NEET.ZS,,,,,,,,,,,,,,,,,,,,,,,,,,,,,,,,,,,,,,,,,,,,,,,,,,,,,,,,
Angola,AGO,"Share of youth not in education, employment, or training, total (% of youth population)",SL.UEM.NEET.ZS,,,,,,,,,,,,,,,,,,,,,,,,,,,,,,,,,,,,,,,,,,,,,,,,,,,,,,,,
Albania,ALB,"Share of youth not in education, employment, or training, total (% of youth population)",SL.UEM.NEET.ZS,,,,,,,,,,,,,,,,,,,,,,,,,,,,,,,,,,,,,,,,,,,,,,,,,27.22999954,,,30.01000023,26.79999924,30.54000092,,
Arab World,ARB,"Share of youth not in education, employment, or training, total (% of youth population)",SL.UEM.NEET.ZS,,,,,,,,,,,,,,,,,,,,,,,,,,,,,,,,,,,,,,,,,,,,,,,,,,,,,,,,
United Arab Emirates,ARE,"Share of youth not in education, employment, or training, total (% of youth population)",SL.UEM.NEET.ZS,,,,,,,,,,,,,,,,,,,,,,,,,,,,,,,,,,,,,,,,,,,,,,,,,,,,,,,,
Argentina,ARG,"Share of youth not in education, employment, or training, total (% of youth population)",SL.UEM.NEET.ZS,,,,,,,,,,,,,,,,,,,,,,,,,,,,,,,,,,,,,,,,,,,,,17.96999931,,,,,,20.45000076,18.81999969,18.60000038,,,
Armenia,ARM,"Share of youth not in education, employment, or training, total (% of youth population)",SL.UEM.NEET.ZS,,,,,,,,,,,,,,,,,,,,,,,,,,,,,,,,,,,,,,,,,,,,,,,,,,,,42.09999847,39.99000168,40.90000153,,
American Samoa,ASM,"Share of youth not in education, employment, or training, total (% of youth population)",SL.UEM.NEET.ZS,,,,,,,,,,,,,,,,,,,,,,,,,,,,,,,,,,,,,,,,,,,,,,,,,,,,,,,,
Antigua and Barbuda,ATG,"Share of youth not in education, employment, or training, total (% of youth population)",SL.UEM.NEET.ZS,,,,,,,,,,,,,,,,,,,,,,,,,,,,,,,,,,,,,,,,,,,,,,,,,,,,,,,,
Australia,AUS,"Share of youth not in education, employment, or training, total (% of youth population)",SL.UEM.NEET.ZS,,,,,,,,,,,,,,,,,,,,,,,,,,,,,,,,,,,,,,,,,,,10.06999969,10.02999973,9.909999847,9.529999733,9.300000191,8.659999847,8.539999962,10,9.699999809,9.850000381,9.840000153,,,
Austria,AUT,"Share of youth not in education, employment, or training, total (% of youth population)",SL.UEM.NEET.ZS,,,,,,,,,,,,,,,,,,,,,,,,,,,,,,,,,,,,,,,,,,,9,8.010000229,9.640000343,8.619999886,7.809999943,7.440000057,7.380000114,8.18999958,7.420000076,7.28000021,6.800000191,7.329999924,7.699999809,
Azerbaijan,AZE,"Share of youth not in education, employment, or training, total (% of youth population)",SL.UEM.NEET.ZS,,,,,,,,,,,,,,,,,,,,,,,,,,,,,,,,,,,,,,,,,,,,,,19.52000046,,,,,,,,,,
Burundi,BDI,"Share of youth not in education, employment, or training, total (% of youth population)",SL.UEM.NEET.ZS,,,,,,,,,,,,,,,,,,,,,,,,,,,,,,,,,,,,,,,,,,,,,,,,,,,,,,,,
Belgium,BEL,"Share of youth not in education, employment, or training, total (% of youth population)",SL.UEM.NEET.ZS,,,,,,,,,,,,,,,,,,,,,,,,,,,,,,,,,,,,,,,,,,,12.27999973,12.27999973,8.550000191,13.02000046,11.23999977,11.15999985,10.14000034,11.07999992,10.85999966,11.81000042,12.34000015,12.68000031,12.05000019,
Benin,BEN,"Share of youth not in education, employment, or training, total (% of youth population)",SL.UEM.NEET.ZS,,,,,,,,,,,,,,,,,,,,,,,,,,,,,,,,,,,,,,,,,,,,,,,,,,,3.50999999,,20,,,
Burkina Faso,BFA,"Share of youth not in education, employment, or training, total (% of youth population)",SL.UEM.NEET.ZS,,,,,,,,,,,,,,,,,,,,,,,,,,,,,,,,,,,,,,,,,,,,,,,,,,,,,,,,
Bangladesh,BGD,"Share of youth not in education, employment, or training, total (% of youth population)",SL.UEM.NEET.ZS,,,,,,,,,,,,,,,,,,,,,,,,,,,,,,,,,,,,,,,,,,,31.5,,,30.98999977,,,,,,,,40.29999924,,
Bulgaria,BGR,"Share of youth not in education, employment, or training, total (% of youth population)",SL.UEM.NEET.ZS,,,,,,,,,,,,,,,,,,,,,,,,,,,,,,,,,,,,,,,,,,,,28.29000092,24.37000084,25.04999924,22.23999977,19.13999939,17.39999962,19.45000076,21.81999969,21.80999947,21.53000069,21.60000038,20.23999977,
Bahrain,BHR,"Share of youth not in education, employment, or training, total (% of youth population)",SL.UEM.NEET.ZS,,,,,,,,,,,,,,,,,,,,,,,,,,,,,,,,,,,,,,,,,,,,,,,,,,,,,,,,
"Bahamas, The",BHS,"Share of youth not in education, employment, or training, total (% of youth population)",SL.UEM.NEET.ZS,,,,,,,,,,,,,,,,,,,,,,,,,,,,,,,,,,,,,,,,,,,,,,,,,,,,,,,,
Bosnia and Herzegovina,BIH,"Share of youth not in education, employment, or training, total (% of youth population)",SL.UEM.NEET.ZS,,,,,,,,,,,,,,,,,,,,,,,,,,,,,,,,,,,,,,,,,,,,,,,,,,,,,,,,
Belarus,BLR,"Share of youth not in education, employment, or training, total (% of youth population)",SL.UEM.NEET.ZS,,,,,,,,,,,,,,,,,,,,,,,,,,,,,,,,,,,,,,,,,,,,,,,,,,12.07999992,,,,,,
Belize,BLZ,"Share of youth not in education, employment, or training, total (% of youth population)",SL.UEM.NEET.ZS,,,,,,,,,,,,,,,,,,,,,,,,,,,,,,,,,,,,,,,,,,,,,,,,,,,,,27.87000084,,,
Bermuda,BMU,"Share of youth not in education, employment, or training, total (% of youth population)",SL.UEM.NEET.ZS,,,,,,,,,,,,,,,,,,,,,,,,,,,,,,,,,,,,,,,,,,,,,,,,,,,6.789999962,,,,,
Bolivia,BOL,"Share of youth not in education, employment, or training, total (% of youth population)",SL.UEM.NEET.ZS,,,,,,,,,,,,,,,,,,,,,,,,,,,,,,,,,,,,,,,,,,,,,,12.86999989,,,,10.32999992,,,,,,
Brazil,BRA,"Share of youth not in education, employment, or training, total (% of youth population)",SL.UEM.NEET.ZS,,,,,,,,,,,,,,,,,,,,,,,,,,,,,,,,,,,,,,,,,,,,,,,,19.02000046,18.05999947,18.42000008,,19.03000069,18.93000031,19.62000084,,
Barbados,BRB,"Share of youth not in education, employment, or training, total (% of youth population)",SL.UEM.NEET.ZS,,,,,,,,,,,,,,,,,,,,,,,,,,,,,,,,,,,,,,,,,,,,,,,,,,,,,,,,
Brunei Darussalam,BRN,"Share of youth not in education, employment, or training, total (% of youth population)",SL.UEM.NEET.ZS,,,,,,,,,,,,,,,,,,,,,,,,,,,,,,,,,,,,,,,,,,,,,,,,,,,,,,,,
Bhutan,BTN,"Share of youth not in education, employment, or training, total (% of youth population)",SL.UEM.NEET.ZS,,,,,,,,,,,,,,,,,,,,,,,,,,,,,,,,,,,,,,,,,,,,,,,,,,,,,,,,
Botswana,BWA,"Share of youth not in education, employment, or training, total (% of youth population)",SL.UEM.NEET.ZS,,,,,,,,,,,,,,,,,,,,,,,,,,,,,,,,,,,,,,,,,,,,,,,,,,,,,,,,
Central African Republic,CAF,"Share of youth not in education, employment, or training, total (% of youth population)",SL.UEM.NEET.ZS,,,,,,,,,,,,,,,,,,,,,,,,,,,,,,,,,,,,,,,,,,,,,,,,,,,,,,,,
Canada,CAN,"Share of youth not in education, employment, or training, total (% of youth population)",SL.UEM.NEET.ZS,,,,,,,,,,,,,,,,,,,,,,,,,,,,,,,,,,,,,,,,,11.88000011,11.40999985,11.60000038,11.19999981,11.47000027,10.73999977,10.18999958,10.52000046,10.19999981,14.32999992,14.14000034,13.61999989,13.64000034,13.28999996,,
Central Europe and the Baltics,CEB,"Share of youth not in education, employment, or training, total (% of youth population)",SL.UEM.NEET.ZS,,,,,,,,,,,,,,,,,,,,,,,,,,,,,,,,,,,,,,,,,,,,16.05481303,15.53709715,15.47588998,13.22957577,11.4404038,10.26002062,12.04028994,13.05348672,13.39732813,13.6132826,13.95760006,13.42321491,
Switzerland,CHE,"Share of youth not in education, employment, or training, total (% of youth population)",SL.UEM.NEET.ZS,,,,,,,,,,,,,,,,,,,,,,,,,,,,,,,,,,,,,,,,,,,,7.28000021,6.590000153,7.210000038,7.179999828,6.230000019,6.289999962,8.050000191,6.699999809,6.71999979,6.849999905,7.130000114,7.269999981,
Channel Islands,CHI,"Share of youth not in education, employment, or training, total (% of youth population)",SL.UEM.NEET.ZS,,,,,,,,,,,,,,,,,,,,,,,,,,,,,,,,,,,,,,,,,,,,,,,,,,,,,,,,
Chile,CHL,"Share of youth not in education, employment, or training, total (% of youth population)",SL.UEM.NEET.ZS,,,,,,,,,,,,,,,,,,,,,,,,,,,,,,,,,,,,,,,,,,,,,,,,,,,11.78999996,,,,,
China,CHN,"Share of youth not in education, employment, or training, total (% of youth population)",SL.UEM.NEET.ZS,,,,,,,,,,,,,,,,,,,,,,,,,,,,,,,,,,,,,,,,,,,,,,,,,,,,,,,,
Cote d'Ivoire,CIV,"Share of youth not in education, employment, or training, total (% of youth population)",SL.UEM.NEET.ZS,,,,,,,,,,,,,,,,,,,,,,,,,,,,,,,,,,,,,,,,,,,,,,,,,,,,,,,,
Cameroon,CMR,"Share of youth not in education, employment, or training, total (% of youth population)",SL.UEM.NEET.ZS,,,,,,,,,,,,,,,,,,,,,,,,,,,,,,,,,,,,,,,,,,,,,,,,11.11999989,,,10.78999996,,,,,
"Congo, Rep.",COG,"Share of youth not in education, employment, or training, total (% of youth population)",SL.UEM.NEET.ZS,,,,,,,,,,,,,,,,,,,,,,,,,,,,,,,,,,,,,,,,,,,,,,,,,,,,,,,,
Colombia,COL,"Share of youth not in education, employment, or training, total (% of youth population)",SL.UEM.NEET.ZS,,,,,,,,,,,,,,,,,,,,,,,,,,,,,,,,,,,,,,,,,,,,25.39999962,,24.30999947,,,,25.01000023,23.87000084,23.11000061,22.63999939,22.01000023,,
Comoros,COM,"Share of youth not in education, employment, or training, total (% of youth population)",SL.UEM.NEET.ZS,,,,,,,,,,,,,,,,,,,,,,,,,,,,,,,,,,,,,,,,,,,,,,,,,,,,,,,,
Cabo Verde,CPV,"Share of youth not in education, employment, or training, total (% of youth population)",SL.UEM.NEET.ZS,,,,,,,,,,,,,,,,,,,,,,,,,,,,,,,,,,,,,,,,,,,,,,,,,,,,,,,,
Costa Rica,CRI,"Share of youth not in education, employment, or training, total (% of youth population)",SL.UEM.NEET.ZS,,,,,,,,,,,,,,,,,,,,,,,,,,,,,,,,,,,,,,,,,,,,,,,,,,,19.45000076,17.43000031,17.80999947,,,
Caribbean small states,CSS,"Share of youth not in education, employment, or training, total (% of youth population)",SL.UEM.NEET.ZS,,,,,,,,,,,,,,,,,,,,,,,,,,,,,,,,,,,,,,,,,,,,,,,,,,,,,,,,
Cuba,CUB,"Share of youth not in education, employment, or training, total (% of youth population)",SL.UEM.NEET.ZS,,,,,,,,,,,,,,,,,,,,,,,,,,,,,,,,,,,,,,,,,,,,,,,,,,,,,,,,
Curacao,CUW,"Share of youth not in education, employment, or training, total (% of youth population)",SL.UEM.NEET.ZS,,,,,,,,,,,,,,,,,,,,,,,,,,,,,,,,,,,,,,,,,,,,,,,,,,,,,,,,
Cayman Islands,CYM,"Share of youth not in education, employment, or training, total (% of youth population)",SL.UEM.NEET.ZS,,,,,,,,,,,,,,,,,,,,,,,,,,,,,,,,,,,,,,,,,,,,,,,,,,,,,,,,
Cyprus,CYP,"Share of youth not in education, employment, or training, total (% of youth population)",SL.UEM.NEET.ZS,,,,,,,,,,,,,,,,,,,,,,,,,,,,,,,,,,,,,,,,,,,,8.930000305,9.369999886,19.52000046,10.72999954,8.989999771,9.649999619,9.899999619,11.68000031,14.64000034,15.97999954,18.67000008,17.01000023,
Czech Republic,CZE,"Share of youth not in education, employment, or training, total (% of youth population)",SL.UEM.NEET.ZS,,,,,,,,,,,,,,,,,,,,,,,,,,,,,,,,,,,,,,,,,,,,11.61999989,12.57999992,13.25,9.159999847,6.929999828,6.699999809,8.510000229,8.829999924,8.279999733,8.890000343,9.130000114,8.109999657,
Germany,DEU,"Share of youth not in education, employment, or training, total (% of youth population)",SL.UEM.NEET.ZS,,,,,,,,,,,,,,,,,,,,,,,,,,,,,,,,,,,,,,,,,,,,10.02999973,10.07999992,11.27999973,10.06000042,9.300000191,8.430000305,8.800000191,8.319999695,7.489999771,7.099999905,6.25,6.360000134,
Djibouti,DJI,"Share of youth not in education, employment, or training, total (% of youth population)",SL.UEM.NEET.ZS,,,,,,,,,,,,,,,,,,,,,,,,,,,,,,,,,,,,,,,,,,,,,,,,,,,,,,,,
Dominica,DMA,"Share of youth not in education, employment, or training, total (% of youth population)",SL.UEM.NEET.ZS,,,,,,,,,,,,,,,,,,,,,,,,,,,,,,,,,,,,,,,,,,,,,,,,,,,,,,,,
Denmark,DNK,"Share of youth not in education, employment, or training, total (% of youth population)",SL.UEM.NEET.ZS,,,,,,,,,,,,,,,,,,,,,,,,,,,,,,,,,,,,,,,,,,,,5.440000057,5.449999809,4.309999943,3.619999886,4.300000191,4.300000191,5.400000095,6.039999962,6.25,6.630000114,6.03000021,5.78000021,
Dominican Republic,DOM,"Share of youth not in education, employment, or training, total (% of youth population)",SL.UEM.NEET.ZS,,,,,,,,,,,,,,,,,,,,,,,,,,,,,,,,,,,,,,,,,,,,,,,,,,,,20.5,20.93000031,21.29000092,,
Algeria,DZA,"Share of youth not in education, employment, or training, total (% of youth population)",SL.UEM.NEET.ZS,,,,,,,,,,,,,,,,,,,,,,,,,,,,,,,,,,,,,,,,,,,,,,,,,,25.45000076,24.53000069,,,21.5,22.79999924,
East Asia & Pacific (developing only),EAP,"Share of youth not in education, employment, or training, total (% of youth population)",SL.UEM.NEET.ZS,,,,,,,,,,,,,,,,,,,,,,,,,,,,,,,,,,,,,,,,,,,,,,,,,,,,,,,,
East Asia & Pacific (all income levels),EAS,"Share of youth not in education, employment, or training, total (% of youth population)",SL.UEM.NEET.ZS,,,,,,,,,,,,,,,,,,,,,,,,,,,,,,,,,,,,,,,,,,,,,,,,,,,,,,,,
Europe & Central Asia (developing only),ECA,"Share of youth not in education, employment, or training, total (% of youth population)",SL.UEM.NEET.ZS,,,,,,,,,,,,,,,,,,,,,,,,,,,,,,,,,,,,,,,,,,,,,,,,,,,,,,,,
Europe & Central Asia (all income levels),ECS,"Share of youth not in education, employment, or training, total (% of youth population)",SL.UEM.NEET.ZS,,,,,,,,,,,,,,,,,,,,,,,,,,,,,,,,,,,,,,,,,,,,,,17.42752694,,15.89886319,15.13917107,16.12774772,16.04181468,15.55779459,15.53748898,15.40644847,14.80255809,
Ecuador,ECU,"Share of youth not in education, employment, or training, total (% of youth population)",SL.UEM.NEET.ZS,,,,,,,,,,,,,,,,,,,,,,,,,,,,,,,,,,,,,,,,,,,,,,,17.04999924,,,16.43000031,,3.49000001,3.980000019,3.799999952,,
"Egypt, Arab Rep.",EGY,"Share of youth not in education, employment, or training, total (% of youth population)",SL.UEM.NEET.ZS,,,,,,,,,,,,,,,,,,,,,,,,,,,,,,,,,,,,,,,,,,,,,,,,,,,,32.09999847,31.55999947,27.86000061,,
Euro area,EMU,"Share of youth not in education, employment, or training, total (% of youth population)",SL.UEM.NEET.ZS,,,,,,,,,,,,,,,,,,,,,,,,,,,,,,,,,,,,,,,,,,,,11.16786176,11.42762364,12.49421932,11.438106,10.87724312,10.97001005,12.55769744,12.68662339,12.5776649,12.94807103,12.72706366,12.32241481,
Eritrea,ERI,"Share of youth not in education, employment, or training, total (% of youth population)",SL.UEM.NEET.ZS,,,,,,,,,,,,,,,,,,,,,,,,,,,,,,,,,,,,,,,,,,,,,,,,,,,,,,,,
Spain,ESP,"Share of youth not in education, employment, or training, total (% of youth population)",SL.UEM.NEET.ZS,,,,,,,,,,,,,,,,,,,,,,,,,,,,,,,,,,,,,,,,,,,,11.68999958,11.77000046,12.96000004,11.82999992,12.02999973,14.25,18.09000015,17.80999947,18.25,18.60000038,18.62999916,17.13999939,
Estonia,EST,"Share of youth not in education, employment, or training, total (% of youth population)",SL.UEM.NEET.ZS,,,,,,,,,,,,,,,,,,,,,,,,,,,,,,,,,,,,,,,,,,,,12.11999989,15.14000034,10.93999958,8.909999847,9.390000343,9.090000153,14.47000027,14.02999973,11.56999969,12.19999981,11.31999969,11.65999985,
Ethiopia,ETH,"Share of youth not in education, employment, or training, total (% of youth population)",SL.UEM.NEET.ZS,,,,,,,,,,,,,,,,,,,,,,,,,,,,,,,,,,,,,,,,,,,,,,,,,,,,1.279999971,1.120000005,,,
European Union,EUU,"Share of youth not in education, employment, or training, total (% of youth population)",SL.UEM.NEET.ZS,,,,,,,,,,,,,,,,,,,,,,,,,,,,,,,,,,,,,,,,,,,,12.27585893,11.54728147,12.71159719,11.41634538,11.03715019,10.85534417,12.38697582,12.70161357,12.82133527,13.05971848,12.89821298,12.33324035,
Fragile and conflict affected situations,FCS,"Share of youth not in education, employment, or training, total (% of youth population)",SL.UEM.NEET.ZS,,,,,,,,,,,,,,,,,,,,,,,,,,,,,,,,,,,,,,,,,,,,,,,,,,,,,,,,
Finland,FIN,"Share of youth not in education, employment, or training, total (% of youth population)",SL.UEM.NEET.ZS,,,,,,,,,,,,,,,,,,,,,,,,,,,,,,,,,,,,,,,,,,,,10.96000004,9.779999733,8.090000153,7.860000134,7.090000153,7.949999809,9.840000153,9.020000458,8.430000305,8.56000042,9.300000191,10.17000008,
Fiji,FJI,"Share of youth not in education, employment, or training, total (% of youth population)",SL.UEM.NEET.ZS,,,,,,,,,,,,,,,,,,,,,,,,,,,,,,,,,,,,,,,,,,,,,,,,,,,,,,,,
France,FRA,"Share of youth not in education, employment, or training, total (% of youth population)",SL.UEM.NEET.ZS,,,,,,,,,,,,,,,,,,,,,,,,,,,,,,,,,,,,,,,,,,,,9.210000038,10.38000011,10.86999989,11,10.34000015,10.22000027,12.40999985,12.34000015,11.85000038,12.11999989,11.14999962,10.65999985,
Faroe Islands,FRO,"Share of youth not in education, employment, or training, total (% of youth population)",SL.UEM.NEET.ZS,,,,,,,,,,,,,,,,,,,,,,,,,,,,,,,,,,,,,,,,,,,,,,,,,,,,,,,,
"Micronesia, Fed. Sts.",FSM,"Share of youth not in education, employment, or training, total (% of youth population)",SL.UEM.NEET.ZS,,,,,,,,,,,,,,,,,,,,,,,,,,,,,,,,,,,,,,,,,,,,,,,,,,,,,,,,
Gabon,GAB,"Share of youth not in education, employment, or training, total (% of youth population)",SL.UEM.NEET.ZS,,,,,,,,,,,,,,,,,,,,,,,,,,,,,,,,,,,,,,,,,,,,,,,,,,,,,,,,
United Kingdom,GBR,"Share of youth not in education, employment, or training, total (% of youth population)",SL.UEM.NEET.ZS,,,,,,,,,,,,,,,,,,,,,,,,,,,,,,,,,,,,,,,,,,,,,5.429999828,8.380000114,8.520000458,11.88000011,12.11999989,13.22000027,13.61999989,14.25,13.88000011,13.25,11.86999989,
Georgia,GEO,"Share of youth not in education, employment, or training, total (% of youth population)",SL.UEM.NEET.ZS,,,,,,,,,,,,,,,,,,,,,,,,,,,,,,,,,,,,,,,,,,,,,,,,,,,,,,,,
Ghana,GHA,"Share of youth not in education, employment, or training, total (% of youth population)",SL.UEM.NEET.ZS,,,,,,,,,,,,,,,,,,,,,,,,,,,,,,,,,,,,,,,,,,,,,,,,,,,,,,,,
Guinea,GIN,"Share of youth not in education, employment, or training, total (% of youth population)",SL.UEM.NEET.ZS,,,,,,,,,,,,,,,,,,,,,,,,,,,,,,,,,,,,,,,,,,,,,,,,,,,,,,,,
"Gambia, The",GMB,"Share of youth not in education, employment, or training, total (% of youth population)",SL.UEM.NEET.ZS,,,,,,,,,,,,,,,,,,,,,,,,,,,,,,,,,,,,,,,,,,,,,,,,,,,,,,,,
Guinea-Bissau,GNB,"Share of youth not in education, employment, or training, total (% of youth population)",SL.UEM.NEET.ZS,,,,,,,,,,,,,,,,,,,,,,,,,,,,,,,,,,,,,,,,,,,,,,,,,,,,,,,,
Equatorial Guinea,GNQ,"Share of youth not in education, employment, or training, total (% of youth population)",SL.UEM.NEET.ZS,,,,,,,,,,,,,,,,,,,,,,,,,,,,,,,,,,,,,,,,,,,,,,,,,,,,,,,,
Greece,GRC,"Share of youth not in education, employment, or training, total (% of youth population)",SL.UEM.NEET.ZS,,,,,,,,,,,,,,,,,,,,,,,,,,,,,,,,,,,,,,,,,,,,13.67000008,14.90999985,20.78000069,11.97000027,11.32999992,11.43999958,12.38000011,14.77999973,17.37999916,20.17000008,20.39999962,19.14999962,
Grenada,GRD,"Share of youth not in education, employment, or training, total (% of youth population)",SL.UEM.NEET.ZS,,,,,,,,,,,,,,,,,,,,,,,,,,,,,,,,,,,,,,,,,,,,,,,,,,,,,,,,
Greenland,GRL,"Share of youth not in education, employment, or training, total (% of youth population)",SL.UEM.NEET.ZS,,,,,,,,,,,,,,,,,,,,,,,,,,,,,,,,,,,,,,,,,,,,,,,,,,,,,,,,
Guatemala,GTM,"Share of youth not in education, employment, or training, total (% of youth population)",SL.UEM.NEET.ZS,,,,,,,,,,,,,,,,,,,,,,,,,,,,,,,,,,,,,,,,,,,,,,,24.02000046,,,,,25.72999954,23.23999977,29.82999992,,
Guam,GUM,"Share of youth not in education, employment, or training, total (% of youth population)",SL.UEM.NEET.ZS,,,,,,,,,,,,,,,,,,,,,,,,,,,,,,,,,,,,,,,,,,,,,,,,,,,,,,,,
Guyana,GUY,"Share of youth not in education, employment, or training, total (% of youth population)",SL.UEM.NEET.ZS,,,,,,,,,,,,,,,,,,,,,,,,,,,,,,,,,,,,,,,,,,,,,,,,,,,,,,,,
High income,HIC,"Share of youth not in education, employment, or training, total (% of youth population)",SL.UEM.NEET.ZS,,,,,,,,,,,,,,,,,,,,,,,,,,,,,,,,,,,,,,,,,,,,,,,,,11.73098505,13.75280367,14.02397191,14.6623002,13.34086187,,,
"Hong Kong SAR, China",HKG,"Share of youth not in education, employment, or training, total (% of youth population)",SL.UEM.NEET.ZS,,,,,,,,,,,,,,,,,,,,,,,,,,,,,,,,,,,,,,,,,,,,,,,,,,7.409999847,6.949999809,6.159999847,6.159999847,6.639999866,,
Honduras,HND,"Share of youth not in education, employment, or training, total (% of youth population)",SL.UEM.NEET.ZS,,,,,,,,,,,,,,,,,,,,,,,,,,,,,,,,,,,,,,,,,,,,,,,,25.97999954,,42.27999878,41.43000031,,,,,
Heavily indebted poor countries (HIPC),HPC,"Share of youth not in education, employment, or training, total (% of youth population)",SL.UEM.NEET.ZS,,,,,,,,,,,,,,,,,,,,,,,,,,,,,,,,,,,,,,,,,,,,,,,,,,,,,,,,
Croatia,HRV,"Share of youth not in education, employment, or training, total (% of youth population)",SL.UEM.NEET.ZS,,,,,,,,,,,,,,,,,,,,,,,,,,,,,,,,,,,,,,,,,,,,,,16.71999931,14.18000031,12.86999989,11.61999989,13.43000031,15.67000008,16.21999931,16.59000015,19.62999916,19.32999992,
Haiti,HTI,"Share of youth not in education, employment, or training, total (% of youth population)",SL.UEM.NEET.ZS,,,,,,,,,,,,,,,,,,,,,,,,,,,,,,,,,,,,,,,,,,,,,,,,,,,,,,,,
Hungary,HUN,"Share of youth not in education, employment, or training, total (% of youth population)",SL.UEM.NEET.ZS,,,,,,,,,,,,,,,,,,,,,,,,,,,,,,,,,,,,,,,,,,,14.75,13.77999973,12.38000011,18.79000092,12.43000031,11.46000004,11.46000004,13.60000038,12.56000042,13.21000004,14.77999973,15.47000027,13.61999989,
Indonesia,IDN,"Share of youth not in education, employment, or training, total (% of youth population)",SL.UEM.NEET.ZS,,,,,,,,,,,,,,,,,,,,,,,,,,,,,,,,,,,,,,,,,,,,,,,,,29.62000084,27.60000038,25.65999985,,,24.14999962,,
Isle of Man,IMN,"Share of youth not in education, employment, or training, total (% of youth population)",SL.UEM.NEET.ZS,,,,,,,,,,,,,,,,,,,,,,,,,,,,,,,,,,,,,,,,,,,,,,,,,,,,,,,,
India,IND,"Share of youth not in education, employment, or training, total (% of youth population)",SL.UEM.NEET.ZS,,,,,,,,,,,,,,,,,,,,,,,,,,,,,,,,,,,,,,,,,,,,,26.12999916,,,,,,27.18000031,,,,,
Not classified,INX,"Share of youth not in education, employment, or training, total (% of youth population)",SL.UEM.NEET.ZS,,,,,,,,,,,,,,,,,,,,,,,,,,,,,,,,,,,,,,,,,,,,,,,,,,,,,,,,
Ireland,IRL,"Share of youth not in education, employment, or training, total (% of youth population)",SL.UEM.NEET.ZS,,,,,,,,,,,,,,,,,,,,,,,,,,,,,,,,,,,,,,,,,,,,8.840000153,10.35999966,15.13000011,14.43000031,11.89000034,13.85999966,18.63999939,19.19000053,18.75,18.71999931,16.12999916,15.18000031,
"Iran, Islamic Rep.",IRN,"Share of youth not in education, employment, or training, total (% of youth population)",SL.UEM.NEET.ZS,,,,,,,,,,,,,,,,,,,,,,,,,,,,,,,,,,,,,,,,,,,,,,,,,,34.72999954,34.34999847,,,,,
Iraq,IRQ,"Share of youth not in education, employment, or training, total (% of youth population)",SL.UEM.NEET.ZS,,,,,,,,,,,,,,,,,,,,,,,,,,,,,,,,,,,,,,,,,,,,,,,,,,,,,,,,
Iceland,ISL,"Share of youth not in education, employment, or training, total (% of youth population)",SL.UEM.NEET.ZS,,,,,,,,,,,,,,,,,,,,,,,,,,,,,,,,,,,,,,,,,,,,4.480000019,6.929999828,4.659999847,4.800000191,4.099999905,4.320000172,7.329999924,7.349999905,6.690000057,5.889999866,5.46999979,5.809999943,
Israel,ISR,"Share of youth not in education, employment, or training, total (% of youth population)",SL.UEM.NEET.ZS,,,,,,,,,,,,,,,,,,,,,,,,,,,,,,,,,,,,,,,,,,,32.84999847,34.52999878,33.11000061,33.93999863,33.18999863,33.49000168,30.64999962,,,31.54999924,16.67000008,15.69999981,,
Italy,ITA,"Share of youth not in education, employment, or training, total (% of youth population)",SL.UEM.NEET.ZS,,,,,,,,,,,,,,,,,,,,,,,,,,,,,,,,,,,,,,,,,,,17.87000084,15.86999989,16.27000046,17.04999924,16.77000046,16.13999939,16.55999947,17.54999924,18.96999931,19.63999939,20.94000053,22.13999939,22.04000092,
Jamaica,JAM,"Share of youth not in education, employment, or training, total (% of youth population)",SL.UEM.NEET.ZS,,,,,,,,,,,,,,,,,,,,,,,,,,,,,,,,,,,,,,,,,,,,,,,,,,,,,,28.79999924,,
Jordan,JOR,"Share of youth not in education, employment, or training, total (% of youth population)",SL.UEM.NEET.ZS,,,,,,,,,,,,,,,,,,,,,,,,,,,,,,,,,,,,,,,,,,,,,,,,27.55999947,,,,,24.60000038,,,
Japan,JPN,"Share of youth not in education, employment, or training, total (% of youth population)",SL.UEM.NEET.ZS,,,,,,,,,,,,,,,,,,,,,,,,,,,,,,,,,,,,,,,,,,,,,,,,,,4.360000134,4.289999962,,4.210000038,3.910000086,,
Kazakhstan,KAZ,"Share of youth not in education, employment, or training, total (% of youth population)",SL.UEM.NEET.ZS,,,,,,,,,,,,,,,,,,,,,,,,,,,,,,,,,,,,,,,,,,,,,,,,,,,,,,,,
Kenya,KEN,"Share of youth not in education, employment, or training, total (% of youth population)",SL.UEM.NEET.ZS,,,,,,,,,,,,,,,,,,,,,,,,,,,,,,,,,,,,,,,,,,,,,,,,,,,,,,,,
Kyrgyz Republic,KGZ,"Share of youth not in education, employment, or training, total (% of youth population)",SL.UEM.NEET.ZS,,,,,,,,,,,,,,,,,,,,,,,,,,,,,,,,,,,,,,,,,,,,,,,,10.63000011,,17.79999924,18.45999908,42.77999878,43.29999924,21.22999954,,
Cambodia,KHM,"Share of youth not in education, employment, or training, total (% of youth population)",SL.UEM.NEET.ZS,,,,,,,,,,,,,,,,,,,,,,,,,,,,,,,,,,,,,,,21.07999992,,,,,,,,,,,7.130000114,,,7.800000191,,,
Kiribati,KIR,"Share of youth not in education, employment, or training, total (% of youth population)",SL.UEM.NEET.ZS,,,,,,,,,,,,,,,,,,,,,,,,,,,,,,,,,,,,,,,,,,,,,,,,,,,,,,,,
St. Kitts and Nevis,KNA,"Share of youth not in education, employment, or training, total (% of youth population)",SL.UEM.NEET.ZS,,,,,,,,,,,,,,,,,,,,,,,,,,,,,,,,,,,,,,,,,,,,,,,,,,,,,,,,
"Korea, Rep.",KOR,"Share of youth not in education, employment, or training, total (% of youth population)",SL.UEM.NEET.ZS,,,,,,,,,,,,,,,,,,,,,,,,,,,,,,,,,,,,,,,,,,,,,,,,,18.5,19,19.20000076,18.79999924,,,,
Kosovo,KSV,"Share of youth not in education, employment, or training, total (% of youth population)",SL.UEM.NEET.ZS,,,,,,,,,,,,,,,,,,,,,,,,,,,,,,,,,,,,,,,,,,,,,,,,,,,,,,,,
Kuwait,KWT,"Share of youth not in education, employment, or training, total (% of youth population)",SL.UEM.NEET.ZS,,,,,,,,,,,,,,,,,,,,,,,,,,,,,,,,,,,,,,,,,,,,,,,,,,,,,,,,
Latin America & Caribbean (developing only),LAC,"Share of youth not in education, employment, or training, total (% of youth population)",SL.UEM.NEET.ZS,,,,,,,,,,,,,,,,,,,,,,,,,,,,,,,,,,,,,,,,,,,,,,,,19.13519951,,19.31775567,,19.52196139,19.10328874,,,
Lao PDR,LAO,"Share of youth not in education, employment, or training, total (% of youth population)",SL.UEM.NEET.ZS,,,,,,,,,,,,,,,,,,,,,,,,,,,,,,,,,,,,,,,,,,,,,,,,,,,,,,,,
Lebanon,LBN,"Share of youth not in education, employment, or training, total (% of youth population)",SL.UEM.NEET.ZS,,,,,,,,,,,,,,,,,,,,,,,,,,,,,,,,,,,,,,,,,,,,,,,,,,,,,,,,
Liberia,LBR,"Share of youth not in education, employment, or training, total (% of youth population)",SL.UEM.NEET.ZS,,,,,,,,,,,,,,,,,,,,,,,,,,,,,,,,,,,,,,,,,,,,,,,,,,,19.37999916,,14.5,,,
Libya,LBY,"Share of youth not in education, employment, or training, total (% of youth population)",SL.UEM.NEET.ZS,,,,,,,,,,,,,,,,,,,,,,,,,,,,,,,,,,,,,,,,,,,,,,,,,,,,,,,,
St. Lucia,LCA,"Share of youth not in education, employment, or training, total (% of youth population)",SL.UEM.NEET.ZS,,,,,,,,,,,,,,,,,,,,,,,,,,,,,,,,,,,,,,,,,,,,,,,,,,,,,,,,
Latin America & Caribbean (all income levels),LCN,"Share of youth not in education, employment, or training, total (% of youth population)",SL.UEM.NEET.ZS,,,,,,,,,,,,,,,,,,,,,,,,,,,,,,,,,,,,,,,,,,,,,,,,,,19.27237293,,19.4679046,19.06503726,,,
Least developed countries: UN classification,LDC,"Share of youth not in education, employment, or training, total (% of youth population)",SL.UEM.NEET.ZS,,,,,,,,,,,,,,,,,,,,,,,,,,,,,,,,,,,,,,,,,,,,,,,,,,,,,,,,
Low income,LIC,"Share of youth not in education, employment, or training, total (% of youth population)",SL.UEM.NEET.ZS,,,,,,,,,,,,,,,,,,,,,,,,,,,,,,,,,,,,,,,,,,,,,,,,,,,,,,,,
Liechtenstein,LIE,"Share of youth not in education, employment, or training, total (% of youth population)",SL.UEM.NEET.ZS,,,,,,,,,,,,,,,,,,,,,,,,,,,,,,,,,,,,,,,,,,,,,,,,,,,,,,,,
Sri Lanka,LKA,"Share of youth not in education, employment, or training, total (% of youth population)",SL.UEM.NEET.ZS,,,,,,,,,,,,,,,,,,,,,,,,,,,,,,,,,,,,,,,,,,,,,,,,,,,22.87999916,0.49000001,0.460000008,,,
Lower middle income,LMC,"Share of youth not in education, employment, or training, total (% of youth population)",SL.UEM.NEET.ZS,,,,,,,,,,,,,,,,,,,,,,,,,,,,,,,,,,,,,,,,,,,,,,,,,,,,,,,,
Low & middle income,LMY,"Share of youth not in education, employment, or training, total (% of youth population)",SL.UEM.NEET.ZS,,,,,,,,,,,,,,,,,,,,,,,,,,,,,,,,,,,,,,,,,,,,,,,,,,,,,,,,
Lesotho,LSO,"Share of youth not in education, employment, or training, total (% of youth population)",SL.UEM.NEET.ZS,,,,,,,,,,,,,,,,,,,,,,,,,,,,,,,,,,,,,,,,,,,,,,,,,,,,,,,,
Lithuania,LTU,"Share of youth not in education, employment, or training, total (% of youth population)",SL.UEM.NEET.ZS,,,,,,,,,,,,,,,,,,,,,,,,,,,,,,,,,,,,,,,,,,,,,9.880000114,8.770000458,8.319999695,7.070000172,8.850000381,12.11999989,13.17000008,11.81999969,11.17000008,11.14000034,9.909999847,
Luxembourg,LUX,"Share of youth not in education, employment, or training, total (% of youth population)",SL.UEM.NEET.ZS,,,,,,,,,,,,,,,,,,,,,,,,,,,,,,,,,,,,,,,,,,,,5.139999866,6.25,5.5,6.690000057,5.659999847,6.210000038,5.789999962,5.119999886,4.739999771,5.889999866,4.989999771,6.260000229,
Latvia,LVA,"Share of youth not in education, employment, or training, total (% of youth population)",SL.UEM.NEET.ZS,,,,,,,,,,,,,,,,,,,,,,,,,,,,,,,,,,,,,,,,,,,,12.72999954,12.34000015,10.89000034,11.46000004,11.93999958,11.81999969,17.48999977,17.80999947,16.03000069,14.89000034,13.02999973,12.01000023,
"Macao SAR, China",MAC,"Share of youth not in education, employment, or training, total (% of youth population)",SL.UEM.NEET.ZS,,,,,,,,,,,,,,,,,,,,,,,,,,,,,,,,,,,,,,,,,,,,,,,,,,7.190000057,6.190000057,6.300000191,5.760000229,5.269999981,,
St. Martin (French part),MAF,"Share of youth not in education, employment, or training, total (% of youth population)",SL.UEM.NEET.ZS,,,,,,,,,,,,,,,,,,,,,,,,,,,,,,,,,,,,,,,,,,,,,,,,,,,,,,,,
Morocco,MAR,"Share of youth not in education, employment, or training, total (% of youth population)",SL.UEM.NEET.ZS,,,,,,,,,,,,,,,,,,,,,,,,,,,,,,,,,,,,,,,,,,,,,,,,,,,,,,,,
Monaco,MCO,"Share of youth not in education, employment, or training, total (% of youth population)",SL.UEM.NEET.ZS,,,,,,,,,,,,,,,,,,,,,,,,,,,,,,,,,,,,,,,,,,,,,,,,,,,,,,,,
Moldova,MDA,"Share of youth not in education, employment, or training, total (% of youth population)",SL.UEM.NEET.ZS,,,,,,,,,,,,,,,,,,,,,,,,,,,,,,,,,,,,,,,,,,,,,,,,,,27.70999908,28.37000084,29.19000053,29.26000023,28.63999939,,
Madagascar,MDG,"Share of youth not in education, employment, or training, total (% of youth population)",SL.UEM.NEET.ZS,,,,,,,,,,,,,,,,,,,,,,,,,,,,,,,,,,,,,,,,,,,,,,,,6.590000153,,,,,,5,,
Maldives,MDV,"Share of youth not in education, employment, or training, total (% of youth population)",SL.UEM.NEET.ZS,,,,,,,,,,,,,,,,,,,,,,,,,,,,,,,,,,,,,,,,,,,,,,,,,,,56.40000153,,,,,
Middle East & North Africa (all income levels),MEA,"Share of youth not in education, employment, or training, total (% of youth population)",SL.UEM.NEET.ZS,,,,,,,,,,,,,,,,,,,,,,,,,,,,,,,,,,,,,,,,,,,,,,,,,,,,,,,,
Mexico,MEX,"Share of youth not in education, employment, or training, total (% of youth population)",SL.UEM.NEET.ZS,,,,,,,,,,,,,,,,,,,,,,,,,,,,,,,,,,,,,,,,,,,21.28000069,22.13999939,21.53000069,22.10000038,21.57999992,21.37999916,21.54999924,18.13999939,18.39999962,21.12000084,20,,,
Marshall Islands,MHL,"Share of youth not in education, employment, or training, total (% of youth population)",SL.UEM.NEET.ZS,,,,,,,,,,,,,,,,,,,,,,,,,,,,,,,,,,,,,,,,,,,,,,,,,,,,,,,,
Middle income,MIC,"Share of youth not in education, employment, or training, total (% of youth population)",SL.UEM.NEET.ZS,,,,,,,,,,,,,,,,,,,,,,,,,,,,,,,,,,,,,,,,,,,,,,,,,,,,,,,,
"Macedonia, FYR",MKD,"Share of youth not in education, employment, or training, total (% of youth population)",SL.UEM.NEET.ZS,,,,,,,,,,,,,,,,,,,,,,,,,,,,,,,,,,,,,,,,,,,,,,,41.29999924,33.06000137,30.70000076,27.65999985,25.52000046,25.18000031,24.79999924,24.22999954,25.14999962,
Mali,MLI,"Share of youth not in education, employment, or training, total (% of youth population)",SL.UEM.NEET.ZS,,,,,,,,,,,,,,,,,,,,,,,,,,,,,,,,,,,,,,,,,,,,,,,,,,,13.47000027,,,,,
Malta,MLT,"Share of youth not in education, employment, or training, total (% of youth population)",SL.UEM.NEET.ZS,,,,,,,,,,,,,,,,,,,,,,,,,,,,,,,,,,,,,,,,,,,,,12.22000027,11.89999962,10.34000015,11.53999996,8.270000458,9.880000114,9.529999733,10.18000031,10.60999966,9.93999958,11.43999958,
Myanmar,MMR,"Share of youth not in education, employment, or training, total (% of youth population)",SL.UEM.NEET.ZS,,,,,,,,,,,,,,,,,,,,,,,,,,,,,,,,,,,,,,,,,,,,,,,,,,,,,,,,
Middle East & North Africa (developing only),MNA,"Share of youth not in education, employment, or training, total (% of youth population)",SL.UEM.NEET.ZS,,,,,,,,,,,,,,,,,,,,,,,,,,,,,,,,,,,,,,,,,,,,,,,,,,,,,,,,
Montenegro,MNE,"Share of youth not in education, employment, or training, total (% of youth population)",SL.UEM.NEET.ZS,,,,,,,,,,,,,,,,,,,,,,,,,,,,,,,,,,,,,,,,,,,,,,,,,,,,,,,,
Mongolia,MNG,"Share of youth not in education, employment, or training, total (% of youth population)",SL.UEM.NEET.ZS,,,,,,,,,,,,,,,,,,,,,,,,,,,,,,,,,,,,,,,,,,,,,,,18.51000023,,,,,1.539999962,1.470000029,1.460000038,,
Northern Mariana Islands,MNP,"Share of youth not in education, employment, or training, total (% of youth population)",SL.UEM.NEET.ZS,,,,,,,,,,,,,,,,,,,,,,,,,,,,,,,,,,,,,,,,,,,,,,,,,,,,,,,,
Mozambique,MOZ,"Share of youth not in education, employment, or training, total (% of youth population)",SL.UEM.NEET.ZS,,,,,,,,,,,,,,,,,,,,,,,,,,,,,,,,,,,,,,,,,,,,,,,,,,,,,10.11999989,,,
Mauritania,MRT,"Share of youth not in education, employment, or training, total (% of youth population)",SL.UEM.NEET.ZS,,,,,,,,,,,,,,,,,,,,,,,,,,,,,,,,,,,,,,,,,,,,,,,,,,,,,,,,
Mauritius,MUS,"Share of youth not in education, employment, or training, total (% of youth population)",SL.UEM.NEET.ZS,,,,,,,,,,,,,,,,,,,,,,,,,,,,,,,,,,,,,,,,,,,,,,,,,,,,,,,,
Malawi,MWI,"Share of youth not in education, employment, or training, total (% of youth population)",SL.UEM.NEET.ZS,,,,,,,,,,,,,,,,,,,,,,,,,,,,,,,,,,,,,,,,,,,,,,,,,,,,,16.70000076,,,
Malaysia,MYS,"Share of youth not in education, employment, or training, total (% of youth population)",SL.UEM.NEET.ZS,,,,,,,,,,,,,,,,,,,,,,,,,,,,,,,,,,,,,,,,,,,,,,,,,,,,,0.889999986,1.149999976,,
North America,NAC,"Share of youth not in education, employment, or training, total (% of youth population)",SL.UEM.NEET.ZS,,,,,,,,,,,,,,,,,,,,,,,,,,,,,,,,,,,,,,,,,,,11.59095882,,11.81358211,10.78521636,10.84083767,11.12535809,11.97918075,17.14669947,17.29914822,16.78968984,16.21414665,,,
Namibia,NAM,"Share of youth not in education, employment, or training, total (% of youth population)",SL.UEM.NEET.ZS,,,,,,,,,,,,,,,,,,,,,,,,,,,,,,,,,,,,,,,,,,,,,,,,,,,,,,32.00999832,,
New Caledonia,NCL,"Share of youth not in education, employment, or training, total (% of youth population)",SL.UEM.NEET.ZS,,,,,,,,,,,,,,,,,,,,,,,,,,,,,,,,,,,,,,,,,,,,,,,,,,,,,,,,
Niger,NER,"Share of youth not in education, employment, or training, total (% of youth population)",SL.UEM.NEET.ZS,,,,,,,,,,,,,,,,,,,,,,,,,,,,,,,,,,,,,,,,,,,,,,,,,,,,,,,,
Nigeria,NGA,"Share of youth not in education, employment, or training, total (% of youth population)",SL.UEM.NEET.ZS,,,,,,,,,,,,,,,,,,,,,,,,,,,,,,,,,,,,,,,,,,,,,,,,,,,,,,,,
Nicaragua,NIC,"Share of youth not in education, employment, or training, total (% of youth population)",SL.UEM.NEET.ZS,,,,,,,,,,,,,,,,,,,,,,,,,,,,,,,,,,,,,,,,,,,,,,25.21999931,,,,,,,,,,
Netherlands,NLD,"Share of youth not in education, employment, or training, total (% of youth population)",SL.UEM.NEET.ZS,,,,,,,,,,,,,,,,,,,,,,,,,,,,,,,,,,,,,,,,,,,,4.78000021,4.860000134,5.260000229,4.039999962,3.529999971,3.440000057,4.110000134,4.28000021,3.75999999,4.28000021,5.090000153,5.019999981,
High income: nonOECD,NOC,"Share of youth not in education, employment, or training, total (% of youth population)",SL.UEM.NEET.ZS,,,,,,,,,,,,,,,,,,,,,,,,,,,,,,,,,,,,,,,,,,,,,,,,,,,,14.83494364,14.16671132,,,
Norway,NOR,"Share of youth not in education, employment, or training, total (% of youth population)",SL.UEM.NEET.ZS,,,,,,,,,,,,,,,,,,,,,,,,,,,,,,,,,,,,,,,,,,,,10.01000023,9.180000305,11.30000019,4.559999943,4.409999847,4.130000114,5,4.900000095,5.039999962,,5.630000114,5.46999979,
Nepal,NPL,"Share of youth not in education, employment, or training, total (% of youth population)",SL.UEM.NEET.ZS,,,,,,,,,,,,,,,,,,,,,,,,,,,,,,,,,,,,,,,,,,,,,,,,,,,,,,9.199999809,,
New Zealand,NZL,"Share of youth not in education, employment, or training, total (% of youth population)",SL.UEM.NEET.ZS,,,,,,,,,,,,,,,,,,,,,,,,,,,,,,,,,,,,,,,,,,,,,11.61999989,10.43000031,10.17000008,10.36999989,10.36999989,13.97999954,13.32999992,13.14000034,13.56000042,11.85999966,,
High income: OECD,OEC,"Share of youth not in education, employment, or training, total (% of youth population)",SL.UEM.NEET.ZS,,,,,,,,,,,,,,,,,,,,,,,,,,,,,,,,,,,,,,,,,,,,,11.43689266,11.72617973,11.06277948,11.03030302,11.7471524,13.40292028,13.49765987,14.60992466,13.10498746,,,
OECD members,OED,"Share of youth not in education, employment, or training, total (% of youth population)",SL.UEM.NEET.ZS,,,,,,,,,,,,,,,,,,,,,,,,,,,,,,,,,,,,,,,,,,,,,15.47670532,15.8891844,14.96976875,14.97589594,15.19224013,15.65574863,15.54046213,16.7716503,15.30909596,,,
Oman,OMN,"Share of youth not in education, employment, or training, total (% of youth population)",SL.UEM.NEET.ZS,,,,,,,,,,,,,,,,,,,,,,,,,,,,,,,,,,,,,,,,,,,,,,,,,,,,,,,,
Other small states,OSS,"Share of youth not in education, employment, or training, total (% of youth population)",SL.UEM.NEET.ZS,,,,,,,,,,,,,,,,,,,,,,,,,,,,,,,,,,,,,,,,,,,,,,,,,,,,,,,,
Pakistan,PAK,"Share of youth not in education, employment, or training, total (% of youth population)",SL.UEM.NEET.ZS,,,,,,,,,,,,,,,,,,,,,,,,,,,,,,,,,,,,,,,,,,,,,,,,,,,,,,,,
Panama,PAN,"Share of youth not in education, employment, or training, total (% of youth population)",SL.UEM.NEET.ZS,,,,,,,,,,,,,,,,,,,,,,,,,,,,,,,,,,,,,,,,,,,,,,,,,,20.07999992,20.87999916,21.03000069,17.57999992,,,
Peru,PER,"Share of youth not in education, employment, or training, total (% of youth population)",SL.UEM.NEET.ZS,,,,,,,,,,,,,,,,,,,,,,,,,,,,,,,,,,,,,,,,,,,,,,,,9.279999733,,17.53000069,16.63999939,16.90999985,16.46999931,15.34000015,,
Philippines,PHL,"Share of youth not in education, employment, or training, total (% of youth population)",SL.UEM.NEET.ZS,,,,,,,,,,,,,,,,,,,,,,,,,,,,,,,,,,,,,,,,,,,,,,,,,,24.71999931,25.20999908,24.29999924,24.78000069,,,
Palau,PLW,"Share of youth not in education, employment, or training, total (% of youth population)",SL.UEM.NEET.ZS,,,,,,,,,,,,,,,,,,,,,,,,,,,,,,,,,,,,,,,,,,,,,,,,,,,,,,,,
Papua New Guinea,PNG,"Share of youth not in education, employment, or training, total (% of youth population)",SL.UEM.NEET.ZS,,,,,,,,,,,,,,,,,,,,,,,,,,,,,,,,,,,,,,,,,,,,,,,,,,,,,,,,
Poland,POL,"Share of youth not in education, employment, or training, total (% of youth population)",SL.UEM.NEET.ZS,,,,,,,,,,,,,,,,,,,,,,,,,,,,,,,,,,,,,,,,,,,14.03999996,14.32999992,14.47999954,13.90999985,12.60999966,10.59000015,9.039999962,10.10999966,10.77000046,11.5,11.81999969,12.21000004,11.97999954,
Puerto Rico,PRI,"Share of youth not in education, employment, or training, total (% of youth population)",SL.UEM.NEET.ZS,,,,,,,,,,,,,,,,,,,,,,,,,,,,,,,,,,,,,,,,,,,,,,,,,,,,,,,,
"Korea, Dem. People’s Rep.",PRK,"Share of youth not in education, employment, or training, total (% of youth population)",SL.UEM.NEET.ZS,,,,,,,,,,,,,,,,,,,,,,,,,,,,,,,,,,,,,,,,,,,,,,,,,,,,,,,,
Portugal,PRT,"Share of youth not in education, employment, or training, total (% of youth population)",SL.UEM.NEET.ZS,,,,,,,,,,,,,,,,,,,,,,,,,,,,,,,,,,,,,,,,,,,9.81000042,10.65999985,10.25,11.09000015,10.60999966,11.15999985,10.22999954,11.19999981,11.43999958,12.55000019,13.90999985,14.06999969,12.27999973,
Paraguay,PRY,"Share of youth not in education, employment, or training, total (% of youth population)",SL.UEM.NEET.ZS,,,,,,,,,,,,,,,,,,,,,,,,,,,,,,,,,,,,,,,,,,,,,,,,,,17.62000084,19.5,12.97000027,12.27999973,,,
Pacific island small states,PSS,"Share of youth not in education, employment, or training, total (% of youth population)",SL.UEM.NEET.ZS,,,,,,,,,,,,,,,,,,,,,,,,,,,,,,,,,,,,,,,,,,,,,,,,,,,,,,,,
French Polynesia,PYF,"Share of youth not in education, employment, or training, total (% of youth population)",SL.UEM.NEET.ZS,,,,,,,,,,,,,,,,,,,,,,,,,,,,,,,,,,,,,,,,,,,,,,,,,,,,,,,,
Qatar,QAT,"Share of youth not in education, employment, or training, total (% of youth population)",SL.UEM.NEET.ZS,,,,,,,,,,,,,,,,,,,,,,,,,,,,,,,,,,,,,,,,,,,,,,,,,,9.399999619,,,,,,
Romania,ROU,"Share of youth not in education, employment, or training, total (% of youth population)",SL.UEM.NEET.ZS,,,,,,,,,,,,,,,,,,,,,,,,,,,,,,,,,,,,,,,,,,,,19.32999992,18.84000015,16.79999924,14.77000046,13.31000042,11.56999969,13.93999958,16.60000038,17.46999931,16.80999947,16.95999908,17.01000023,
Russian Federation,RUS,"Share of youth not in education, employment, or training, total (% of youth population)",SL.UEM.NEET.ZS,,,,,,,,,,,,,,,,,,,,,,,,,,,,,,,,,,,,,,,,,,,,,,,,,,,,12.68999958,11.98999977,,,
Rwanda,RWA,"Share of youth not in education, employment, or training, total (% of youth population)",SL.UEM.NEET.ZS,,,,,,,,,,,,,,,,,,,,,,,,,,,,,,,,,,,,,,,,,,,,,,,,,9.579999924,,,,,,,
South Asia,SAS,"Share of youth not in education, employment, or training, total (% of youth population)",SL.UEM.NEET.ZS,,,,,,,,,,,,,,,,,,,,,,,,,,,,,,,,,,,,,,,,,,,,,26.12999916,,,,,,27.12887548,,,,,
Saudi Arabia,SAU,"Share of youth not in education, employment, or training, total (% of youth population)",SL.UEM.NEET.ZS,,,,,,,,,,,,,,,,,,,,,,,,,,,,,,,,,,,,,,,,,,,,,,,,,,18.73999977,,20.56999969,18.79000092,18.42000008,,
Sudan,SDN,"Share of youth not in education, employment, or training, total (% of youth population)",SL.UEM.NEET.ZS,,,,,,,,,,,,,,,,,,,,,,,,,,,,,,,,,,,,,,,,,,,,,,,,,38.88000107,,,,,,,
Senegal,SEN,"Share of youth not in education, employment, or training, total (% of youth population)",SL.UEM.NEET.ZS,,,,,,,,,,,,,,,,,,,,,,,,,,,,,,,,,,,,,,,,,,,,,,,,,,,,,,,,
Singapore,SGP,"Share of youth not in education, employment, or training, total (% of youth population)",SL.UEM.NEET.ZS,,,,,,,,,,,,,,,,,,,,,,,,,,,,,,,,,,,,,,,,,,,,,,,,,,16.89999962,18.89999962,,,,,
Solomon Islands,SLB,"Share of youth not in education, employment, or training, total (% of youth population)",SL.UEM.NEET.ZS,,,,,,,,,,,,,,,,,,,,,,,,,,,,,,,,,,,,,,,,,,,,,,,,,,,,,,,,
Sierra Leone,SLE,"Share of youth not in education, employment, or training, total (% of youth population)",SL.UEM.NEET.ZS,,,,,,,,,,,,,,,,,,,,,,,,,,,,,,,,,,,,,,,,,,,,,,,,,,,,,,,,
El Salvador,SLV,"Share of youth not in education, employment, or training, total (% of youth population)",SL.UEM.NEET.ZS,,,,,,,,,,,,,,,,,,,,,,,,,,,,,,,,,,,,,,,,,,,,,,,,,,28.93000031,28.70000076,,26.03000069,5.670000076,,
San Marino,SMR,"Share of youth not in education, employment, or training, total (% of youth population)",SL.UEM.NEET.ZS,,,,,,,,,,,,,,,,,,,,,,,,,,,,,,,,,,,,,,,,,,,,,,,,,,,,,,,,
Somalia,SOM,"Share of youth not in education, employment, or training, total (% of youth population)",SL.UEM.NEET.ZS,,,,,,,,,,,,,,,,,,,,,,,,,,,,,,,,,,,,,,,,,,,,,,,,,,,,,,,,
Serbia,SRB,"Share of youth not in education, employment, or training, total (% of youth population)",SL.UEM.NEET.ZS,,,,,,,,,,,,,,,,,,,,,,,,,,,,,,,,,,,,,,,,,,,,,,,,,,21.61000061,21.19000053,21.34000015,21.47999954,19.54000092,,
Sub-Saharan Africa (developing only),SSA,"Share of youth not in education, employment, or training, total (% of youth population)",SL.UEM.NEET.ZS,,,,,,,,,,,,,,,,,,,,,,,,,,,,,,,,,,,,,,,,,,,,,,,,,,,,,,,,
South Sudan,SSD,"Share of youth not in education, employment, or training, total (% of youth population)",SL.UEM.NEET.ZS,,,,,,,,,,,,,,,,,,,,,,,,,,,,,,,,,,,,,,,,,,,,,,,,,29.05999947,,,,,,,
Sub-Saharan Africa (all income levels),SSF,"Share of youth not in education, employment, or training, total (% of youth population)",SL.UEM.NEET.ZS,,,,,,,,,,,,,,,,,,,,,,,,,,,,,,,,,,,,,,,,,,,,,,,,,,,,,,,,
Small states,SST,"Share of youth not in education, employment, or training, total (% of youth population)",SL.UEM.NEET.ZS,,,,,,,,,,,,,,,,,,,,,,,,,,,,,,,,,,,,,,,,,,,,,,,,,,,,,,,,
Sao Tome and Principe,STP,"Share of youth not in education, employment, or training, total (% of youth population)",SL.UEM.NEET.ZS,,,,,,,,,,,,,,,,,,,,,,,,,,,,,,,,,,,,,,,,,,,,,,,,,,,,,,,,
Suriname,SUR,"Share of youth not in education, employment, or training, total (% of youth population)",SL.UEM.NEET.ZS,,,,,,,,,,,,,,,,,,,,,,,,,,,,,,,,,,,,,,,,,,,,,,,,,,,,,,,,
Slovak Republic,SVK,"Share of youth not in education, employment, or training, total (% of youth population)",SL.UEM.NEET.ZS,,,,,,,,,,,,,,,,,,,,,,,,,,,,,,,,,,,,,,,,,,,,16.97999954,17.07999992,15.85000038,14.35999966,12.55000019,11.06000042,12.55000019,14.09000015,13.81000042,13.81000042,13.68999958,12.80000019,
Slovenia,SVN,"Share of youth not in education, employment, or training, total (% of youth population)",SL.UEM.NEET.ZS,,,,,,,,,,,,,,,,,,,,,,,,,,,,,,,,,,,,,,,,,,,,7.260000229,6.559999943,8.930000305,8.520000458,6.699999809,6.5,7.460000038,7.110000134,7.079999924,9.279999733,9.239999771,9.420000076,
Sweden,SWE,"Share of youth not in education, employment, or training, total (% of youth population)",SL.UEM.NEET.ZS,,,,,,,,,,,,,,,,,,,,,,,,,,,,,,,,,,,,,,,,,,,,6.510000229,7.869999886,14.17000008,9.340000153,7.480000019,7.820000172,9.600000381,7.670000076,7.53000021,7.829999924,7.440000057,7.159999847,
Swaziland,SWZ,"Share of youth not in education, employment, or training, total (% of youth population)",SL.UEM.NEET.ZS,,,,,,,,,,,,,,,,,,,,,,,,,,,,,,,,,,,,,,,,,,,,,,,,,,,,,,,,
Sint Maarten (Dutch part),SXM,"Share of youth not in education, employment, or training, total (% of youth population)",SL.UEM.NEET.ZS,,,,,,,,,,,,,,,,,,,,,,,,,,,,,,,,,,,,,,,,,,,,,,,,,,,,,,,,
Seychelles,SYC,"Share of youth not in education, employment, or training, total (% of youth population)",SL.UEM.NEET.ZS,,,,,,,,,,,,,,,,,,,,,,,,,,,,,,,,,,,,,,,,,,,,,,,,,,,,20,,,,
Syrian Arab Republic,SYR,"Share of youth not in education, employment, or training, total (% of youth population)",SL.UEM.NEET.ZS,,,,,,,,,,,,,,,,,,,,,,,,,,,,,,,,,,,,,,,,,,,,,,,,,,,,,,,,
Turks and Caicos Islands,TCA,"Share of youth not in education, employment, or training, total (% of youth population)",SL.UEM.NEET.ZS,,,,,,,,,,,,,,,,,,,,,,,,,,,,,,,,,,,,,,,,,,,,,,,,,,,,,,,,
Chad,TCD,"Share of youth not in education, employment, or training, total (% of youth population)",SL.UEM.NEET.ZS,,,,,,,,,,,,,,,,,,,,,,,,,,,,,,,,,,,,,,,,,,,,,,,,,,,,,,,,
Togo,TGO,"Share of youth not in education, employment, or training, total (% of youth population)",SL.UEM.NEET.ZS,,,,,,,,,,,,,,,,,,,,,,,,,,,,,,,,,,,,,,,,,,,,,,,,,,3.5,,,9,,,
Thailand,THA,"Share of youth not in education, employment, or training, total (% of youth population)",SL.UEM.NEET.ZS,,,,,,,,,,,,,,,,,,,,,,,,,,,,,,,,,,,,,,,,,,,,,,,,,,13.71000004,12.52999973,12.55000019,12.85000038,14.68999958,13.81000042,
Tajikistan,TJK,"Share of youth not in education, employment, or training, total (% of youth population)",SL.UEM.NEET.ZS,,,,,,,,,,,,,,,,,,,,,,,,,,,,,,,,,,,,,,,,,,,,,,,,38.20000076,,,,,,,,
Turkmenistan,TKM,"Share of youth not in education, employment, or training, total (% of youth population)",SL.UEM.NEET.ZS,,,,,,,,,,,,,,,,,,,,,,,,,,,,,,,,,,,,,,,,,,,,,,,,,,,,,,,,
Timor-Leste,TLS,"Share of youth not in education, employment, or training, total (% of youth population)",SL.UEM.NEET.ZS,,,,,,,,,,,,,,,,,,,,,,,,,,,,,,,,,,,,,,,,,,,,,,,,,,,,,,,,
Tonga,TON,"Share of youth not in education, employment, or training, total (% of youth population)",SL.UEM.NEET.ZS,,,,,,,,,,,,,,,,,,,,,,,,,,,,,,,,,,,,,,,,,,,,,,,,,,,,,,,,
Trinidad and Tobago,TTO,"Share of youth not in education, employment, or training, total (% of youth population)",SL.UEM.NEET.ZS,,,,,,,,,,,,,,,,,,,,,,,,,,,,,,,,,,,,,,,,,,,,,,,,,,,,,,52.52000046,,
Tunisia,TUN,"Share of youth not in education, employment, or training, total (% of youth population)",SL.UEM.NEET.ZS,,,,,,,,,,,,,,,,,,,,,,,,,,,,,,,,,,,,,,,,,,,,,,,,,,,,,,25.39999962,,
Turkey,TUR,"Share of youth not in education, employment, or training, total (% of youth population)",SL.UEM.NEET.ZS,,,,,,,,,,,,,,,,,,,,,,,,,,,,,,,,,,,,,,,,,,,,39.90000153,41.22000122,42.43000031,38.54999924,39.22000122,37.02000046,34.93999863,32.29000092,29.55999947,28.71999931,25.53000069,24.79000092,
Tuvalu,TUV,"Share of youth not in education, employment, or training, total (% of youth population)",SL.UEM.NEET.ZS,,,,,,,,,,,,,,,,,,,,,,,,,,,,,,,,,,,,,,,,,,,,,,,,,,,,,,,,
Tanzania,TZA,"Share of youth not in education, employment, or training, total (% of youth population)",SL.UEM.NEET.ZS,,,,,,,,,,,,,,,,,,,,,,,,,,,,,,,,,,,,,,,,,,,,,,9.010000229,,,,,,,,31.79999924,,
Uganda,UGA,"Share of youth not in education, employment, or training, total (% of youth population)",SL.UEM.NEET.ZS,,,,,,,,,,,,,,,,,,,,,,,,,,,,,,,,,,,,,,,,,,,,,,8.090000153,,,,6.949999809,,,,5.909999847,,
Ukraine,UKR,"Share of youth not in education, employment, or training, total (% of youth population)",SL.UEM.NEET.ZS,,,,,,,,,,,,,,,,,,,,,,,,,,,,,,,,,,,,,,,,,,,,,,,,,,,,,,14.69999981,19.97999954,
Upper middle income,UMC,"Share of youth not in education, employment, or training, total (% of youth population)",SL.UEM.NEET.ZS,,,,,,,,,,,,,,,,,,,,,,,,,,,,,,,,,,,,,,,,,,,,,,,,,,,,,,,,
Uruguay,URY,"Share of youth not in education, employment, or training, total (% of youth population)",SL.UEM.NEET.ZS,,,,,,,,,,,,,,,,,,,,,,,,,,,,,,,,,,,,,,,,,,,,,,,,,,20.71999931,20.47999954,,,20.51000023,,
United States,USA,"Share of youth not in education, employment, or training, total (% of youth population)",SL.UEM.NEET.ZS,,,,,,,,,,,,,,,,,,,,,,,,,,,,,,,,,,,,,,,,,,,11.59000015,,11.85000038,10.78999996,10.90999985,11.18999958,12.17000008,17.45000076,17.63999939,17.12999916,16.48999977,,,
Uzbekistan,UZB,"Share of youth not in education, employment, or training, total (% of youth population)",SL.UEM.NEET.ZS,,,,,,,,,,,,,,,,,,,,,,,,,,,,,,,,,,,,,,,,,,,,,,,,,,,,,,,,
St. Vincent and the Grenadines,VCT,"Share of youth not in education, employment, or training, total (% of youth population)",SL.UEM.NEET.ZS,,,,,,,,,,,,,,,,,,,,,,,,,,,,,,,,,,,,,,,,,,,,,,,,,,,,,,,,
"Venezuela, RB",VEN,"Share of youth not in education, employment, or training, total (% of youth population)",SL.UEM.NEET.ZS,,,,,,,,,,,,,,,,,,,,,,,,,,,,,,,,,,,,,,,,,,,,,,,,,,18.45000076,19.19000053,,,,,
Virgin Islands (U.S.),VIR,"Share of youth not in education, employment, or training, total (% of youth population)",SL.UEM.NEET.ZS,,,,,,,,,,,,,,,,,,,,,,,,,,,,,,,,,,,,,,,,,,,,,,,,,,,,,,,,
Vietnam,VNM,"Share of youth not in education, employment, or training, total (% of youth population)",SL.UEM.NEET.ZS,,,,,,,,,,,,,,,,,,,,,,,,,,,,,,,,,,,,,,,,,,,,,,,,,,,,,11.30000019,9.340000153,,
Vanuatu,VUT,"Share of youth not in education, employment, or training, total (% of youth population)",SL.UEM.NEET.ZS,,,,,,,,,,,,,,,,,,,,,,,,,,,,,,,,,,,,,,,,,,,,,,,,,,,,,,,,
West Bank and Gaza,PSE,"Share of youth not in education, employment, or training, total (% of youth population)",SL.UEM.NEET.ZS,,,,,,,,,,,,,,,,,,,,,,,,,,,,,,,,,,,,,,,,,,,,,,,,,,,,27,28.93000031,31.04000092,,
World,WLD,"Share of youth not in education, employment, or training, total (% of youth population)",SL.UEM.NEET.ZS,,,,,,,,,,,,,,,,,,,,,,,,,,,,,,,,,,,,,,,,,,,,,,,,,,,,,,,,
Samoa,WSM,"Share of youth not in education, employment, or training, total (% of youth population)",SL.UEM.NEET.ZS,,,,,,,,,,,,,,,,,,,,,,,,,,,,,,,,,,,,,,,,,,,,,,,,,,,,,38.20000076,,,
"Yemen, Rep.",YEM,"Share of youth not in education, employment, or training, total (% of youth population)",SL.UEM.NEET.ZS,,,,,,,,,,,,,,,,,,,,,,,,,,,,,,,,,,,,,,,,,,,,,,,,,,,48.09999847,,,,,
South Africa,ZAF,"Share of youth not in education, employment, or training, total (% of youth population)",SL.UEM.NEET.ZS,,,,,,,,,,,,,,,,,,,,,,,,,,,,,,,,,,,,,,,,,,,,,,,,,,,,,31.44000053,31.96999931,31.30999947,
"Congo, Dem. Rep.",COD,"Share of youth not in education, employment, or training, total (% of youth population)",SL.UEM.NEET.ZS,,,,,,,,,,,,,,,,,,,,,,,,,,,,,,,,,,,,,,,,,,,,,,,,,,,,,,,,
Zambia,ZMB,"Share of youth not in education, employment, or training, total (% of youth population)",SL.UEM.NEET.ZS,,,,,,,,,,,,,,,,,,,,,,,,,,,,,,,,,,,,,,,,,,,,,,,,,12.93999958,,,,28.29999924,,,
Zimbabwe,ZWE,"Share of youth not in education, employment, or training, total (% of youth population)",SL.UEM.NEET.ZS,,,,,,,,,,,,,,,,,,,,,,,,,,,,,,,,,,,,,,,,,,,,,,,,,,,,,,,,
